[2026-05-05 14:44:34] ERROR: Database connection error in db_query | Error: Database configuration incomplete. Missing: host, user, database | Details: SHOW TABLES LIKE 'schema_versions'
[2026-05-05 14:44:41] ERROR: Database connection error in db_query | Error: Database configuration incomplete. Missing: host, user, database | Details: SELECT id, username, password, role, is_active FROM users WHERE username=%s AND is_deleted=0 LIMIT 1
[2026-05-05 14:44:48] ERROR: Database connection error in db_query | Error: Database configuration incomplete. Missing: host, user, database | Details: SELECT id, username, password, role, is_active FROM users WHERE username=%s AND is_deleted=0 LIMIT 1
[2026-05-05 14:47:13] ERROR: Database connection error in db_query | Error: Database configuration incomplete. Missing: host, user, database | Details: SHOW TABLES LIKE 'schema_versions'
[2026-05-05 14:47:34] ERROR: Database connection error in db_query | Error: Database configuration incomplete. Missing: host, user, database | Details: SELECT id, username, password, role, is_active FROM users WHERE username=%s AND is_deleted=0 LIMIT 1
[2026-05-05 14:50:21] ERROR: Database connection error in db_query | Error: Database configuration incomplete. Missing: host, user, database | Details: SELECT id, username, password, role, is_active FROM users WHERE username=%s AND is_deleted=0 LIMIT 1
[2026-05-05 14:50:43] ERROR: Database connection error in db_query | Error: Database configuration incomplete. Missing: host, user, database | Details: SHOW TABLES LIKE 'schema_versions'
[2026-05-05 14:50:50] ERROR: Database connection error in db_query | Error: Database configuration incomplete. Missing: host, user, database | Details: SELECT id, username, password, role, is_active FROM users WHERE username=%s AND is_deleted=0 LIMIT 1
[2026-05-05 14:51:03] ERROR: Unhandled application error | Error: 
Traceback:
Traceback (most recent call last):
  File "C:\Users\user\Desktop\MTO\main.py", line 113, in <module>
    app.mainloop()
    ~~~~~~~~~~~~^^
  File "C:\Users\user\Desktop\MTO\venv\Lib\site-packages\customtkinter\windows\ctk_tk.py", line 165, in mainloop
    super().mainloop(*args, **kwargs)
    ~~~~~~~~~~~~~~~~^^^^^^^^^^^^^^^^^
  File "C:\Program Files\Python314\Lib\tkinter\__init__.py", line 1613, in mainloop
    self.tk.mainloop(n)
    ~~~~~~~~~~~~~~~~^^^
  File "C:\Program Files\Python314\Lib\tkinter\__init__.py", line 2088, in __call__
    def __call__(self, *args):
    
KeyboardInterrupt

[2026-05-05 14:51:54] ERROR: Database connection error in db_query | Error: Database configuration incomplete. Missing: host, user, database | Details: SHOW TABLES LIKE 'schema_versions'
[2026-05-05 14:52:00] ERROR: Database connection error in db_query | Error: Database configuration incomplete. Missing: host, user, database | Details: SELECT id, username, password, role, is_active FROM users WHERE username=%s AND is_deleted=0 LIMIT 1
[2026-05-05 14:52:29] ERROR: Database connection error in db_query | Error: Database configuration incomplete. Missing: host, user, database | Details: SELECT username, is_active FROM users WHERE is_deleted=0
[2026-05-05 14:53:08] ERROR: Atomic Transaction failed - ROLLBACK TRIGGERED | Error: 1060 (42S21): Duplicate column name 'pin'
Traceback:
Traceback (most recent call last):
  File "C:\Users\user\Desktop\MTO\venv\Lib\site-packages\mysql\connector\connection_cext.py", line 772, in cmd_query
    self._cmysql.query(
    ~~~~~~~~~~~~~~~~~~^
        query,
        ^^^^^^
    ...<3 lines>...
        query_attrs=self.query_attrs,
        ^^^^^^^^^^^^^^^^^^^^^^^^^^^^^
    )
    ^
_mysql_connector.MySQLInterfaceError: Duplicate column name 'pin'

The above exception was the direct cause of the following exception:

Traceback (most recent call last):
  File "C:\Users\user\Desktop\MTO\db_manager.py", line 300, in execute_transaction
    result = operation(cur)
  File "C:\Users\user\Desktop\MTO\migration_manager.py", line 32, in transaction
    cur.execute(stmt)
    ~~~~~~~~~~~^^^^^^
  File "C:\Users\user\Desktop\MTO\venv\Lib\site-packages\mysql\connector\cursor_cext.py", line 353, in execute
    self._connection.cmd_query(
    ~~~~~~~~~~~~~~~~~~~~~~~~~~^
        self._stmt_partition["mappable_stmt"],
        ^^^^^^^^^^^^^^^^^^^^^^^^^^^^^^^^^^^^^^
    ...<2 lines>...
        raw_as_string=self._raw_as_string,
        ^^^^^^^^^^^^^^^^^^^^^^^^^^^^^^^^^^
    )
    ^
  File "C:\Users\user\Desktop\MTO\venv\Lib\site-packages\mysql\connector\opentelemetry\context_propagation.py", line 97, in wrapper
    return method(cnx, *args, **kwargs)
  File "C:\Users\user\Desktop\MTO\venv\Lib\site-packages\mysql\connector\connection_cext.py", line 781, in cmd_query
    raise get_mysql_exception(
        err.errno, msg=err.msg, sqlstate=err.sqlstate
    ) from err
mysql.connector.errors.ProgrammingError: 1060 (42S21): Duplicate column name 'pin'

[2026-05-05 15:00:11] ERROR: Atomic Transaction failed - ROLLBACK TRIGGERED | Error: 1060 (42S21): Duplicate column name 'pin'
Traceback:
Traceback (most recent call last):
  File "C:\Users\user\Desktop\MTO\venv\Lib\site-packages\mysql\connector\connection_cext.py", line 772, in cmd_query
    self._cmysql.query(
    ~~~~~~~~~~~~~~~~~~^
        query,
        ^^^^^^
    ...<3 lines>...
        query_attrs=self.query_attrs,
        ^^^^^^^^^^^^^^^^^^^^^^^^^^^^^
    )
    ^
_mysql_connector.MySQLInterfaceError: Duplicate column name 'pin'

The above exception was the direct cause of the following exception:

Traceback (most recent call last):
  File "C:\Users\user\Desktop\MTO\db_manager.py", line 300, in execute_transaction
    result = operation(cur)
  File "C:\Users\user\Desktop\MTO\migration_manager.py", line 32, in transaction
    cur.execute(stmt)
    ~~~~~~~~~~~^^^^^^
  File "C:\Users\user\Desktop\MTO\venv\Lib\site-packages\mysql\connector\cursor_cext.py", line 353, in execute
    self._connection.cmd_query(
    ~~~~~~~~~~~~~~~~~~~~~~~~~~^
        self._stmt_partition["mappable_stmt"],
        ^^^^^^^^^^^^^^^^^^^^^^^^^^^^^^^^^^^^^^
    ...<2 lines>...
        raw_as_string=self._raw_as_string,
        ^^^^^^^^^^^^^^^^^^^^^^^^^^^^^^^^^^
    )
    ^
  File "C:\Users\user\Desktop\MTO\venv\Lib\site-packages\mysql\connector\opentelemetry\context_propagation.py", line 97, in wrapper
    return method(cnx, *args, **kwargs)
  File "C:\Users\user\Desktop\MTO\venv\Lib\site-packages\mysql\connector\connection_cext.py", line 781, in cmd_query
    raise get_mysql_exception(
        err.errno, msg=err.msg, sqlstate=err.sqlstate
    ) from err
mysql.connector.errors.ProgrammingError: 1060 (42S21): Duplicate column name 'pin'

[2026-05-05 15:00:33] ERROR: Atomic Transaction failed - ROLLBACK TRIGGERED | Error: 1060 (42S21): Duplicate column name 'pin'
Traceback:
Traceback (most recent call last):
  File "C:\Users\user\Desktop\MTO\venv\Lib\site-packages\mysql\connector\connection_cext.py", line 772, in cmd_query
    self._cmysql.query(
    ~~~~~~~~~~~~~~~~~~^
        query,
        ^^^^^^
    ...<3 lines>...
        query_attrs=self.query_attrs,
        ^^^^^^^^^^^^^^^^^^^^^^^^^^^^^
    )
    ^
_mysql_connector.MySQLInterfaceError: Duplicate column name 'pin'

The above exception was the direct cause of the following exception:

Traceback (most recent call last):
  File "C:\Users\user\Desktop\MTO\db_manager.py", line 300, in execute_transaction
    result = operation(cur)
  File "C:\Users\user\Desktop\MTO\migration_manager.py", line 32, in transaction
    cur.execute(stmt)
    ~~~~~~~~~~~^^^^^^
  File "C:\Users\user\Desktop\MTO\venv\Lib\site-packages\mysql\connector\cursor_cext.py", line 353, in execute
    self._connection.cmd_query(
    ~~~~~~~~~~~~~~~~~~~~~~~~~~^
        self._stmt_partition["mappable_stmt"],
        ^^^^^^^^^^^^^^^^^^^^^^^^^^^^^^^^^^^^^^
    ...<2 lines>...
        raw_as_string=self._raw_as_string,
        ^^^^^^^^^^^^^^^^^^^^^^^^^^^^^^^^^^
    )
    ^
  File "C:\Users\user\Desktop\MTO\venv\Lib\site-packages\mysql\connector\opentelemetry\context_propagation.py", line 97, in wrapper
    return method(cnx, *args, **kwargs)
  File "C:\Users\user\Desktop\MTO\venv\Lib\site-packages\mysql\connector\connection_cext.py", line 781, in cmd_query
    raise get_mysql_exception(
        err.errno, msg=err.msg, sqlstate=err.sqlstate
    ) from err
mysql.connector.errors.ProgrammingError: 1060 (42S21): Duplicate column name 'pin'

[2026-05-05 15:12:47] ERROR: Atomic Transaction failed - ROLLBACK TRIGGERED | Error: 1060 (42S21): Duplicate column name 'pin'
Traceback:
Traceback (most recent call last):
  File "C:\Users\user\Desktop\MTO\venv\Lib\site-packages\mysql\connector\connection_cext.py", line 772, in cmd_query
    self._cmysql.query(
    ~~~~~~~~~~~~~~~~~~^
        query,
        ^^^^^^
    ...<3 lines>...
        query_attrs=self.query_attrs,
        ^^^^^^^^^^^^^^^^^^^^^^^^^^^^^
    )
    ^
_mysql_connector.MySQLInterfaceError: Duplicate column name 'pin'

The above exception was the direct cause of the following exception:

Traceback (most recent call last):
  File "C:\Users\user\Desktop\MTO\db_manager.py", line 300, in execute_transaction
    result = operation(cur)
  File "C:\Users\user\Desktop\MTO\migration_manager.py", line 32, in transaction
    cur.execute(stmt)
    ~~~~~~~~~~~^^^^^^
  File "C:\Users\user\Desktop\MTO\venv\Lib\site-packages\mysql\connector\cursor_cext.py", line 353, in execute
    self._connection.cmd_query(
    ~~~~~~~~~~~~~~~~~~~~~~~~~~^
        self._stmt_partition["mappable_stmt"],
        ^^^^^^^^^^^^^^^^^^^^^^^^^^^^^^^^^^^^^^
    ...<2 lines>...
        raw_as_string=self._raw_as_string,
        ^^^^^^^^^^^^^^^^^^^^^^^^^^^^^^^^^^
    )
    ^
  File "C:\Users\user\Desktop\MTO\venv\Lib\site-packages\mysql\connector\opentelemetry\context_propagation.py", line 97, in wrapper
    return method(cnx, *args, **kwargs)
  File "C:\Users\user\Desktop\MTO\venv\Lib\site-packages\mysql\connector\connection_cext.py", line 781, in cmd_query
    raise get_mysql_exception(
        err.errno, msg=err.msg, sqlstate=err.sqlstate
    ) from err
mysql.connector.errors.ProgrammingError: 1060 (42S21): Duplicate column name 'pin'

[2026-05-05 15:13:20] ERROR: Atomic Transaction failed - ROLLBACK TRIGGERED | Error: 1060 (42S21): Duplicate column name 'pin'
Traceback:
Traceback (most recent call last):
  File "C:\Users\user\Desktop\MTO\venv\Lib\site-packages\mysql\connector\connection_cext.py", line 772, in cmd_query
    self._cmysql.query(
    ~~~~~~~~~~~~~~~~~~^
        query,
        ^^^^^^
    ...<3 lines>...
        query_attrs=self.query_attrs,
        ^^^^^^^^^^^^^^^^^^^^^^^^^^^^^
    )
    ^
_mysql_connector.MySQLInterfaceError: Duplicate column name 'pin'

The above exception was the direct cause of the following exception:

Traceback (most recent call last):
  File "C:\Users\user\Desktop\MTO\db_manager.py", line 300, in execute_transaction
    result = operation(cur)
  File "C:\Users\user\Desktop\MTO\migration_manager.py", line 32, in transaction
    cur.execute(stmt)
    ~~~~~~~~~~~^^^^^^
  File "C:\Users\user\Desktop\MTO\venv\Lib\site-packages\mysql\connector\cursor_cext.py", line 353, in execute
    self._connection.cmd_query(
    ~~~~~~~~~~~~~~~~~~~~~~~~~~^
        self._stmt_partition["mappable_stmt"],
        ^^^^^^^^^^^^^^^^^^^^^^^^^^^^^^^^^^^^^^
    ...<2 lines>...
        raw_as_string=self._raw_as_string,
        ^^^^^^^^^^^^^^^^^^^^^^^^^^^^^^^^^^
    )
    ^
  File "C:\Users\user\Desktop\MTO\venv\Lib\site-packages\mysql\connector\opentelemetry\context_propagation.py", line 97, in wrapper
    return method(cnx, *args, **kwargs)
  File "C:\Users\user\Desktop\MTO\venv\Lib\site-packages\mysql\connector\connection_cext.py", line 781, in cmd_query
    raise get_mysql_exception(
        err.errno, msg=err.msg, sqlstate=err.sqlstate
    ) from err
mysql.connector.errors.ProgrammingError: 1060 (42S21): Duplicate column name 'pin'

[2026-05-05 15:13:35] ERROR: Atomic Transaction failed - ROLLBACK TRIGGERED | Error: 1060 (42S21): Duplicate column name 'pin'
Traceback:
Traceback (most recent call last):
  File "C:\Users\user\Desktop\MTO\venv\Lib\site-packages\mysql\connector\connection_cext.py", line 772, in cmd_query
    self._cmysql.query(
    ~~~~~~~~~~~~~~~~~~^
        query,
        ^^^^^^
    ...<3 lines>...
        query_attrs=self.query_attrs,
        ^^^^^^^^^^^^^^^^^^^^^^^^^^^^^
    )
    ^
_mysql_connector.MySQLInterfaceError: Duplicate column name 'pin'

The above exception was the direct cause of the following exception:

Traceback (most recent call last):
  File "C:\Users\user\Desktop\MTO\db_manager.py", line 300, in execute_transaction
    result = operation(cur)
  File "C:\Users\user\Desktop\MTO\migration_manager.py", line 32, in transaction
    cur.execute(stmt)
    ~~~~~~~~~~~^^^^^^
  File "C:\Users\user\Desktop\MTO\venv\Lib\site-packages\mysql\connector\cursor_cext.py", line 353, in execute
    self._connection.cmd_query(
    ~~~~~~~~~~~~~~~~~~~~~~~~~~^
        self._stmt_partition["mappable_stmt"],
        ^^^^^^^^^^^^^^^^^^^^^^^^^^^^^^^^^^^^^^
    ...<2 lines>...
        raw_as_string=self._raw_as_string,
        ^^^^^^^^^^^^^^^^^^^^^^^^^^^^^^^^^^
    )
    ^
  File "C:\Users\user\Desktop\MTO\venv\Lib\site-packages\mysql\connector\opentelemetry\context_propagation.py", line 97, in wrapper
    return method(cnx, *args, **kwargs)
  File "C:\Users\user\Desktop\MTO\venv\Lib\site-packages\mysql\connector\connection_cext.py", line 781, in cmd_query
    raise get_mysql_exception(
        err.errno, msg=err.msg, sqlstate=err.sqlstate
    ) from err
mysql.connector.errors.ProgrammingError: 1060 (42S21): Duplicate column name 'pin'

[2026-05-05 15:13:42] ERROR: Atomic Transaction failed - ROLLBACK TRIGGERED | Error: 1060 (42S21): Duplicate column name 'pin'
Traceback:
Traceback (most recent call last):
  File "C:\Users\user\Desktop\MTO\venv\Lib\site-packages\mysql\connector\connection_cext.py", line 772, in cmd_query
    self._cmysql.query(
    ~~~~~~~~~~~~~~~~~~^
        query,
        ^^^^^^
    ...<3 lines>...
        query_attrs=self.query_attrs,
        ^^^^^^^^^^^^^^^^^^^^^^^^^^^^^
    )
    ^
_mysql_connector.MySQLInterfaceError: Duplicate column name 'pin'

The above exception was the direct cause of the following exception:

Traceback (most recent call last):
  File "C:\Users\user\Desktop\MTO\db_manager.py", line 300, in execute_transaction
    result = operation(cur)
  File "C:\Users\user\Desktop\MTO\migration_manager.py", line 32, in transaction
    cur.execute(stmt)
    ~~~~~~~~~~~^^^^^^
  File "C:\Users\user\Desktop\MTO\venv\Lib\site-packages\mysql\connector\cursor_cext.py", line 353, in execute
    self._connection.cmd_query(
    ~~~~~~~~~~~~~~~~~~~~~~~~~~^
        self._stmt_partition["mappable_stmt"],
        ^^^^^^^^^^^^^^^^^^^^^^^^^^^^^^^^^^^^^^
    ...<2 lines>...
        raw_as_string=self._raw_as_string,
        ^^^^^^^^^^^^^^^^^^^^^^^^^^^^^^^^^^
    )
    ^
  File "C:\Users\user\Desktop\MTO\venv\Lib\site-packages\mysql\connector\opentelemetry\context_propagation.py", line 97, in wrapper
    return method(cnx, *args, **kwargs)
  File "C:\Users\user\Desktop\MTO\venv\Lib\site-packages\mysql\connector\connection_cext.py", line 781, in cmd_query
    raise get_mysql_exception(
        err.errno, msg=err.msg, sqlstate=err.sqlstate
    ) from err
mysql.connector.errors.ProgrammingError: 1060 (42S21): Duplicate column name 'pin'

[2026-05-05 15:15:52] ERROR: Atomic Transaction failed - ROLLBACK TRIGGERED | Error: 1060 (42S21): Duplicate column name 'pin'
Traceback:
Traceback (most recent call last):
  File "C:\Users\user\Desktop\MTO\venv\Lib\site-packages\mysql\connector\connection_cext.py", line 772, in cmd_query
    self._cmysql.query(
    ~~~~~~~~~~~~~~~~~~^
        query,
        ^^^^^^
    ...<3 lines>...
        query_attrs=self.query_attrs,
        ^^^^^^^^^^^^^^^^^^^^^^^^^^^^^
    )
    ^
_mysql_connector.MySQLInterfaceError: Duplicate column name 'pin'

The above exception was the direct cause of the following exception:

Traceback (most recent call last):
  File "C:\Users\user\Desktop\MTO\db_manager.py", line 300, in execute_transaction
    result = operation(cur)
  File "C:\Users\user\Desktop\MTO\migration_manager.py", line 32, in transaction
    cur.execute(stmt)
    ~~~~~~~~~~~^^^^^^
  File "C:\Users\user\Desktop\MTO\venv\Lib\site-packages\mysql\connector\cursor_cext.py", line 353, in execute
    self._connection.cmd_query(
    ~~~~~~~~~~~~~~~~~~~~~~~~~~^
        self._stmt_partition["mappable_stmt"],
        ^^^^^^^^^^^^^^^^^^^^^^^^^^^^^^^^^^^^^^
    ...<2 lines>...
        raw_as_string=self._raw_as_string,
        ^^^^^^^^^^^^^^^^^^^^^^^^^^^^^^^^^^
    )
    ^
  File "C:\Users\user\Desktop\MTO\venv\Lib\site-packages\mysql\connector\opentelemetry\context_propagation.py", line 97, in wrapper
    return method(cnx, *args, **kwargs)
  File "C:\Users\user\Desktop\MTO\venv\Lib\site-packages\mysql\connector\connection_cext.py", line 781, in cmd_query
    raise get_mysql_exception(
        err.errno, msg=err.msg, sqlstate=err.sqlstate
    ) from err
mysql.connector.errors.ProgrammingError: 1060 (42S21): Duplicate column name 'pin'

[2026-05-05 15:18:39] ERROR: Atomic Transaction failed - ROLLBACK TRIGGERED | Error: 1060 (42S21): Duplicate column name 'pin'
Traceback:
Traceback (most recent call last):
  File "C:\Users\user\Desktop\MTO\venv\Lib\site-packages\mysql\connector\connection_cext.py", line 772, in cmd_query
    self._cmysql.query(
    ~~~~~~~~~~~~~~~~~~^
        query,
        ^^^^^^
    ...<3 lines>...
        query_attrs=self.query_attrs,
        ^^^^^^^^^^^^^^^^^^^^^^^^^^^^^
    )
    ^
_mysql_connector.MySQLInterfaceError: Duplicate column name 'pin'

The above exception was the direct cause of the following exception:

Traceback (most recent call last):
  File "C:\Users\user\Desktop\MTO\db_manager.py", line 300, in execute_transaction
    result = operation(cur)
  File "C:\Users\user\Desktop\MTO\migration_manager.py", line 32, in transaction
    cur.execute(stmt)
    ~~~~~~~~~~~^^^^^^
  File "C:\Users\user\Desktop\MTO\venv\Lib\site-packages\mysql\connector\cursor_cext.py", line 353, in execute
    self._connection.cmd_query(
    ~~~~~~~~~~~~~~~~~~~~~~~~~~^
        self._stmt_partition["mappable_stmt"],
        ^^^^^^^^^^^^^^^^^^^^^^^^^^^^^^^^^^^^^^
    ...<2 lines>...
        raw_as_string=self._raw_as_string,
        ^^^^^^^^^^^^^^^^^^^^^^^^^^^^^^^^^^
    )
    ^
  File "C:\Users\user\Desktop\MTO\venv\Lib\site-packages\mysql\connector\opentelemetry\context_propagation.py", line 97, in wrapper
    return method(cnx, *args, **kwargs)
  File "C:\Users\user\Desktop\MTO\venv\Lib\site-packages\mysql\connector\connection_cext.py", line 781, in cmd_query
    raise get_mysql_exception(
        err.errno, msg=err.msg, sqlstate=err.sqlstate
    ) from err
mysql.connector.errors.ProgrammingError: 1060 (42S21): Duplicate column name 'pin'

[2026-05-05 15:21:21] ERROR: Atomic Transaction failed - ROLLBACK TRIGGERED | Error: 1060 (42S21): Duplicate column name 'pin'
Traceback:
Traceback (most recent call last):
  File "C:\Users\user\Desktop\MTO\venv\Lib\site-packages\mysql\connector\connection_cext.py", line 772, in cmd_query
    self._cmysql.query(
    ~~~~~~~~~~~~~~~~~~^
        query,
        ^^^^^^
    ...<3 lines>...
        query_attrs=self.query_attrs,
        ^^^^^^^^^^^^^^^^^^^^^^^^^^^^^
    )
    ^
_mysql_connector.MySQLInterfaceError: Duplicate column name 'pin'

The above exception was the direct cause of the following exception:

Traceback (most recent call last):
  File "C:\Users\user\Desktop\MTO\db_manager.py", line 300, in execute_transaction
    result = operation(cur)
  File "C:\Users\user\Desktop\MTO\migration_manager.py", line 32, in transaction
    cur.execute(stmt)
    ~~~~~~~~~~~^^^^^^
  File "C:\Users\user\Desktop\MTO\venv\Lib\site-packages\mysql\connector\cursor_cext.py", line 353, in execute
    self._connection.cmd_query(
    ~~~~~~~~~~~~~~~~~~~~~~~~~~^
        self._stmt_partition["mappable_stmt"],
        ^^^^^^^^^^^^^^^^^^^^^^^^^^^^^^^^^^^^^^
    ...<2 lines>...
        raw_as_string=self._raw_as_string,
        ^^^^^^^^^^^^^^^^^^^^^^^^^^^^^^^^^^
    )
    ^
  File "C:\Users\user\Desktop\MTO\venv\Lib\site-packages\mysql\connector\opentelemetry\context_propagation.py", line 97, in wrapper
    return method(cnx, *args, **kwargs)
  File "C:\Users\user\Desktop\MTO\venv\Lib\site-packages\mysql\connector\connection_cext.py", line 781, in cmd_query
    raise get_mysql_exception(
        err.errno, msg=err.msg, sqlstate=err.sqlstate
    ) from err
mysql.connector.errors.ProgrammingError: 1060 (42S21): Duplicate column name 'pin'

[2026-05-05 15:21:42] ERROR: Atomic Transaction failed - ROLLBACK TRIGGERED | Error: 1060 (42S21): Duplicate column name 'pin'
Traceback:
Traceback (most recent call last):
  File "C:\Users\user\Desktop\MTO\venv\Lib\site-packages\mysql\connector\connection_cext.py", line 772, in cmd_query
    self._cmysql.query(
    ~~~~~~~~~~~~~~~~~~^
        query,
        ^^^^^^
    ...<3 lines>...
        query_attrs=self.query_attrs,
        ^^^^^^^^^^^^^^^^^^^^^^^^^^^^^
    )
    ^
_mysql_connector.MySQLInterfaceError: Duplicate column name 'pin'

The above exception was the direct cause of the following exception:

Traceback (most recent call last):
  File "C:\Users\user\Desktop\MTO\db_manager.py", line 300, in execute_transaction
    result = operation(cur)
  File "C:\Users\user\Desktop\MTO\migration_manager.py", line 32, in transaction
    cur.execute(stmt)
    ~~~~~~~~~~~^^^^^^
  File "C:\Users\user\Desktop\MTO\venv\Lib\site-packages\mysql\connector\cursor_cext.py", line 353, in execute
    self._connection.cmd_query(
    ~~~~~~~~~~~~~~~~~~~~~~~~~~^
        self._stmt_partition["mappable_stmt"],
        ^^^^^^^^^^^^^^^^^^^^^^^^^^^^^^^^^^^^^^
    ...<2 lines>...
        raw_as_string=self._raw_as_string,
        ^^^^^^^^^^^^^^^^^^^^^^^^^^^^^^^^^^
    )
    ^
  File "C:\Users\user\Desktop\MTO\venv\Lib\site-packages\mysql\connector\opentelemetry\context_propagation.py", line 97, in wrapper
    return method(cnx, *args, **kwargs)
  File "C:\Users\user\Desktop\MTO\venv\Lib\site-packages\mysql\connector\connection_cext.py", line 781, in cmd_query
    raise get_mysql_exception(
        err.errno, msg=err.msg, sqlstate=err.sqlstate
    ) from err
mysql.connector.errors.ProgrammingError: 1060 (42S21): Duplicate column name 'pin'

[2026-05-05 15:23:55] ERROR: Atomic Transaction failed - ROLLBACK TRIGGERED | Error: 1060 (42S21): Duplicate column name 'pin'
Traceback:
Traceback (most recent call last):
  File "C:\Users\user\Desktop\MTO\venv\Lib\site-packages\mysql\connector\connection_cext.py", line 772, in cmd_query
    self._cmysql.query(
    ~~~~~~~~~~~~~~~~~~^
        query,
        ^^^^^^
    ...<3 lines>...
        query_attrs=self.query_attrs,
        ^^^^^^^^^^^^^^^^^^^^^^^^^^^^^
    )
    ^
_mysql_connector.MySQLInterfaceError: Duplicate column name 'pin'

The above exception was the direct cause of the following exception:

Traceback (most recent call last):
  File "C:\Users\user\Desktop\MTO\db_manager.py", line 300, in execute_transaction
    result = operation(cur)
  File "C:\Users\user\Desktop\MTO\migration_manager.py", line 32, in transaction
    cur.execute(stmt)
    ~~~~~~~~~~~^^^^^^
  File "C:\Users\user\Desktop\MTO\venv\Lib\site-packages\mysql\connector\cursor_cext.py", line 353, in execute
    self._connection.cmd_query(
    ~~~~~~~~~~~~~~~~~~~~~~~~~~^
        self._stmt_partition["mappable_stmt"],
        ^^^^^^^^^^^^^^^^^^^^^^^^^^^^^^^^^^^^^^
    ...<2 lines>...
        raw_as_string=self._raw_as_string,
        ^^^^^^^^^^^^^^^^^^^^^^^^^^^^^^^^^^
    )
    ^
  File "C:\Users\user\Desktop\MTO\venv\Lib\site-packages\mysql\connector\opentelemetry\context_propagation.py", line 97, in wrapper
    return method(cnx, *args, **kwargs)
  File "C:\Users\user\Desktop\MTO\venv\Lib\site-packages\mysql\connector\connection_cext.py", line 781, in cmd_query
    raise get_mysql_exception(
        err.errno, msg=err.msg, sqlstate=err.sqlstate
    ) from err
mysql.connector.errors.ProgrammingError: 1060 (42S21): Duplicate column name 'pin'

[2026-05-05 15:24:01] ERROR: Atomic Transaction failed - ROLLBACK TRIGGERED | Error: 1060 (42S21): Duplicate column name 'pin'
Traceback:
Traceback (most recent call last):
  File "C:\Users\user\Desktop\MTO\venv\Lib\site-packages\mysql\connector\connection_cext.py", line 772, in cmd_query
    self._cmysql.query(
    ~~~~~~~~~~~~~~~~~~^
        query,
        ^^^^^^
    ...<3 lines>...
        query_attrs=self.query_attrs,
        ^^^^^^^^^^^^^^^^^^^^^^^^^^^^^
    )
    ^
_mysql_connector.MySQLInterfaceError: Duplicate column name 'pin'

The above exception was the direct cause of the following exception:

Traceback (most recent call last):
  File "C:\Users\user\Desktop\MTO\db_manager.py", line 300, in execute_transaction
    result = operation(cur)
  File "C:\Users\user\Desktop\MTO\migration_manager.py", line 32, in transaction
    cur.execute(stmt)
    ~~~~~~~~~~~^^^^^^
  File "C:\Users\user\Desktop\MTO\venv\Lib\site-packages\mysql\connector\cursor_cext.py", line 353, in execute
    self._connection.cmd_query(
    ~~~~~~~~~~~~~~~~~~~~~~~~~~^
        self._stmt_partition["mappable_stmt"],
        ^^^^^^^^^^^^^^^^^^^^^^^^^^^^^^^^^^^^^^
    ...<2 lines>...
        raw_as_string=self._raw_as_string,
        ^^^^^^^^^^^^^^^^^^^^^^^^^^^^^^^^^^
    )
    ^
  File "C:\Users\user\Desktop\MTO\venv\Lib\site-packages\mysql\connector\opentelemetry\context_propagation.py", line 97, in wrapper
    return method(cnx, *args, **kwargs)
  File "C:\Users\user\Desktop\MTO\venv\Lib\site-packages\mysql\connector\connection_cext.py", line 781, in cmd_query
    raise get_mysql_exception(
        err.errno, msg=err.msg, sqlstate=err.sqlstate
    ) from err
mysql.connector.errors.ProgrammingError: 1060 (42S21): Duplicate column name 'pin'

[2026-05-05 15:24:30] ERROR: Atomic Transaction failed - ROLLBACK TRIGGERED | Error: 1060 (42S21): Duplicate column name 'pin'
Traceback:
Traceback (most recent call last):
  File "C:\Users\user\Desktop\MTO\venv\Lib\site-packages\mysql\connector\connection_cext.py", line 772, in cmd_query
    self._cmysql.query(
    ~~~~~~~~~~~~~~~~~~^
        query,
        ^^^^^^
    ...<3 lines>...
        query_attrs=self.query_attrs,
        ^^^^^^^^^^^^^^^^^^^^^^^^^^^^^
    )
    ^
_mysql_connector.MySQLInterfaceError: Duplicate column name 'pin'

The above exception was the direct cause of the following exception:

Traceback (most recent call last):
  File "C:\Users\user\Desktop\MTO\db_manager.py", line 300, in execute_transaction
    result = operation(cur)
  File "C:\Users\user\Desktop\MTO\migration_manager.py", line 32, in transaction
    cur.execute(stmt)
    ~~~~~~~~~~~^^^^^^
  File "C:\Users\user\Desktop\MTO\venv\Lib\site-packages\mysql\connector\cursor_cext.py", line 353, in execute
    self._connection.cmd_query(
    ~~~~~~~~~~~~~~~~~~~~~~~~~~^
        self._stmt_partition["mappable_stmt"],
        ^^^^^^^^^^^^^^^^^^^^^^^^^^^^^^^^^^^^^^
    ...<2 lines>...
        raw_as_string=self._raw_as_string,
        ^^^^^^^^^^^^^^^^^^^^^^^^^^^^^^^^^^
    )
    ^
  File "C:\Users\user\Desktop\MTO\venv\Lib\site-packages\mysql\connector\opentelemetry\context_propagation.py", line 97, in wrapper
    return method(cnx, *args, **kwargs)
  File "C:\Users\user\Desktop\MTO\venv\Lib\site-packages\mysql\connector\connection_cext.py", line 781, in cmd_query
    raise get_mysql_exception(
        err.errno, msg=err.msg, sqlstate=err.sqlstate
    ) from err
mysql.connector.errors.ProgrammingError: 1060 (42S21): Duplicate column name 'pin'

[2026-05-05 15:28:07] ERROR: Atomic Transaction failed - ROLLBACK TRIGGERED | Error: 1060 (42S21): Duplicate column name 'pin'
Traceback:
Traceback (most recent call last):
  File "C:\Users\user\Desktop\MTO\venv\Lib\site-packages\mysql\connector\connection_cext.py", line 772, in cmd_query
    self._cmysql.query(
    ~~~~~~~~~~~~~~~~~~^
        query,
        ^^^^^^
    ...<3 lines>...
        query_attrs=self.query_attrs,
        ^^^^^^^^^^^^^^^^^^^^^^^^^^^^^
    )
    ^
_mysql_connector.MySQLInterfaceError: Duplicate column name 'pin'

The above exception was the direct cause of the following exception:

Traceback (most recent call last):
  File "C:\Users\user\Desktop\MTO\db_manager.py", line 300, in execute_transaction
    result = operation(cur)
  File "C:\Users\user\Desktop\MTO\migration_manager.py", line 32, in transaction
    cur.execute(stmt)
    ~~~~~~~~~~~^^^^^^
  File "C:\Users\user\Desktop\MTO\venv\Lib\site-packages\mysql\connector\cursor_cext.py", line 353, in execute
    self._connection.cmd_query(
    ~~~~~~~~~~~~~~~~~~~~~~~~~~^
        self._stmt_partition["mappable_stmt"],
        ^^^^^^^^^^^^^^^^^^^^^^^^^^^^^^^^^^^^^^
    ...<2 lines>...
        raw_as_string=self._raw_as_string,
        ^^^^^^^^^^^^^^^^^^^^^^^^^^^^^^^^^^
    )
    ^
  File "C:\Users\user\Desktop\MTO\venv\Lib\site-packages\mysql\connector\opentelemetry\context_propagation.py", line 97, in wrapper
    return method(cnx, *args, **kwargs)
  File "C:\Users\user\Desktop\MTO\venv\Lib\site-packages\mysql\connector\connection_cext.py", line 781, in cmd_query
    raise get_mysql_exception(
        err.errno, msg=err.msg, sqlstate=err.sqlstate
    ) from err
mysql.connector.errors.ProgrammingError: 1060 (42S21): Duplicate column name 'pin'

[2026-05-06 10:14:05] ERROR: Atomic Transaction failed - ROLLBACK TRIGGERED | Error: 1060 (42S21): Duplicate column name 'pin'
Traceback:
Traceback (most recent call last):
  File "C:\Users\user\Desktop\MTO\venv\Lib\site-packages\mysql\connector\connection_cext.py", line 772, in cmd_query
    self._cmysql.query(
    ~~~~~~~~~~~~~~~~~~^
        query,
        ^^^^^^
    ...<3 lines>...
        query_attrs=self.query_attrs,
        ^^^^^^^^^^^^^^^^^^^^^^^^^^^^^
    )
    ^
_mysql_connector.MySQLInterfaceError: Duplicate column name 'pin'

The above exception was the direct cause of the following exception:

Traceback (most recent call last):
  File "C:\Users\user\Desktop\MTO\db_manager.py", line 300, in execute_transaction
    result = operation(cur)
  File "C:\Users\user\Desktop\MTO\migration_manager.py", line 32, in transaction
    cur.execute(stmt)
    ~~~~~~~~~~~^^^^^^
  File "C:\Users\user\Desktop\MTO\venv\Lib\site-packages\mysql\connector\cursor_cext.py", line 353, in execute
    self._connection.cmd_query(
    ~~~~~~~~~~~~~~~~~~~~~~~~~~^
        self._stmt_partition["mappable_stmt"],
        ^^^^^^^^^^^^^^^^^^^^^^^^^^^^^^^^^^^^^^
    ...<2 lines>...
        raw_as_string=self._raw_as_string,
        ^^^^^^^^^^^^^^^^^^^^^^^^^^^^^^^^^^
    )
    ^
  File "C:\Users\user\Desktop\MTO\venv\Lib\site-packages\mysql\connector\opentelemetry\context_propagation.py", line 97, in wrapper
    return method(cnx, *args, **kwargs)
  File "C:\Users\user\Desktop\MTO\venv\Lib\site-packages\mysql\connector\connection_cext.py", line 781, in cmd_query
    raise get_mysql_exception(
        err.errno, msg=err.msg, sqlstate=err.sqlstate
    ) from err
mysql.connector.errors.ProgrammingError: 1060 (42S21): Duplicate column name 'pin'

[2026-05-06 10:18:31] ERROR: Atomic Transaction failed - ROLLBACK TRIGGERED | Error: 1060 (42S21): Duplicate column name 'pin'
Traceback:
Traceback (most recent call last):
  File "C:\Users\user\Desktop\MTO\venv\Lib\site-packages\mysql\connector\connection_cext.py", line 772, in cmd_query
    self._cmysql.query(
    ~~~~~~~~~~~~~~~~~~^
        query,
        ^^^^^^
    ...<3 lines>...
        query_attrs=self.query_attrs,
        ^^^^^^^^^^^^^^^^^^^^^^^^^^^^^
    )
    ^
_mysql_connector.MySQLInterfaceError: Duplicate column name 'pin'

The above exception was the direct cause of the following exception:

Traceback (most recent call last):
  File "C:\Users\user\Desktop\MTO\db_manager.py", line 300, in execute_transaction
    result = operation(cur)
  File "C:\Users\user\Desktop\MTO\migration_manager.py", line 32, in transaction
    cur.execute(stmt)
    ~~~~~~~~~~~^^^^^^
  File "C:\Users\user\Desktop\MTO\venv\Lib\site-packages\mysql\connector\cursor_cext.py", line 353, in execute
    self._connection.cmd_query(
    ~~~~~~~~~~~~~~~~~~~~~~~~~~^
        self._stmt_partition["mappable_stmt"],
        ^^^^^^^^^^^^^^^^^^^^^^^^^^^^^^^^^^^^^^
    ...<2 lines>...
        raw_as_string=self._raw_as_string,
        ^^^^^^^^^^^^^^^^^^^^^^^^^^^^^^^^^^
    )
    ^
  File "C:\Users\user\Desktop\MTO\venv\Lib\site-packages\mysql\connector\opentelemetry\context_propagation.py", line 97, in wrapper
    return method(cnx, *args, **kwargs)
  File "C:\Users\user\Desktop\MTO\venv\Lib\site-packages\mysql\connector\connection_cext.py", line 781, in cmd_query
    raise get_mysql_exception(
        err.errno, msg=err.msg, sqlstate=err.sqlstate
    ) from err
mysql.connector.errors.ProgrammingError: 1060 (42S21): Duplicate column name 'pin'

[2026-05-06 10:21:57] ERROR: Atomic Transaction failed - ROLLBACK TRIGGERED | Error: 1060 (42S21): Duplicate column name 'pin'
Traceback:
Traceback (most recent call last):
  File "C:\Users\user\Desktop\MTO\venv\Lib\site-packages\mysql\connector\connection_cext.py", line 772, in cmd_query
    self._cmysql.query(
    ~~~~~~~~~~~~~~~~~~^
        query,
        ^^^^^^
    ...<3 lines>...
        query_attrs=self.query_attrs,
        ^^^^^^^^^^^^^^^^^^^^^^^^^^^^^
    )
    ^
_mysql_connector.MySQLInterfaceError: Duplicate column name 'pin'

The above exception was the direct cause of the following exception:

Traceback (most recent call last):
  File "C:\Users\user\Desktop\MTO\db_manager.py", line 300, in execute_transaction
    result = operation(cur)
  File "C:\Users\user\Desktop\MTO\migration_manager.py", line 32, in transaction
    cur.execute(stmt)
    ~~~~~~~~~~~^^^^^^
  File "C:\Users\user\Desktop\MTO\venv\Lib\site-packages\mysql\connector\cursor_cext.py", line 353, in execute
    self._connection.cmd_query(
    ~~~~~~~~~~~~~~~~~~~~~~~~~~^
        self._stmt_partition["mappable_stmt"],
        ^^^^^^^^^^^^^^^^^^^^^^^^^^^^^^^^^^^^^^
    ...<2 lines>...
        raw_as_string=self._raw_as_string,
        ^^^^^^^^^^^^^^^^^^^^^^^^^^^^^^^^^^
    )
    ^
  File "C:\Users\user\Desktop\MTO\venv\Lib\site-packages\mysql\connector\opentelemetry\context_propagation.py", line 97, in wrapper
    return method(cnx, *args, **kwargs)
  File "C:\Users\user\Desktop\MTO\venv\Lib\site-packages\mysql\connector\connection_cext.py", line 781, in cmd_query
    raise get_mysql_exception(
        err.errno, msg=err.msg, sqlstate=err.sqlstate
    ) from err
mysql.connector.errors.ProgrammingError: 1060 (42S21): Duplicate column name 'pin'

[2026-05-06 10:58:38] ERROR: Atomic Transaction failed - ROLLBACK TRIGGERED | Error: 1060 (42S21): Duplicate column name 'pin'
Traceback:
Traceback (most recent call last):
  File "C:\Users\user\Desktop\MTO\venv\Lib\site-packages\mysql\connector\connection_cext.py", line 772, in cmd_query
    self._cmysql.query(
    ~~~~~~~~~~~~~~~~~~^
        query,
        ^^^^^^
    ...<3 lines>...
        query_attrs=self.query_attrs,
        ^^^^^^^^^^^^^^^^^^^^^^^^^^^^^
    )
    ^
_mysql_connector.MySQLInterfaceError: Duplicate column name 'pin'

The above exception was the direct cause of the following exception:

Traceback (most recent call last):
  File "C:\Users\user\Desktop\MTO\db_manager.py", line 300, in execute_transaction
    result = operation(cur)
  File "C:\Users\user\Desktop\MTO\migration_manager.py", line 32, in transaction
    cur.execute(stmt)
    ~~~~~~~~~~~^^^^^^
  File "C:\Users\user\Desktop\MTO\venv\Lib\site-packages\mysql\connector\cursor_cext.py", line 353, in execute
    self._connection.cmd_query(
    ~~~~~~~~~~~~~~~~~~~~~~~~~~^
        self._stmt_partition["mappable_stmt"],
        ^^^^^^^^^^^^^^^^^^^^^^^^^^^^^^^^^^^^^^
    ...<2 lines>...
        raw_as_string=self._raw_as_string,
        ^^^^^^^^^^^^^^^^^^^^^^^^^^^^^^^^^^
    )
    ^
  File "C:\Users\user\Desktop\MTO\venv\Lib\site-packages\mysql\connector\opentelemetry\context_propagation.py", line 97, in wrapper
    return method(cnx, *args, **kwargs)
  File "C:\Users\user\Desktop\MTO\venv\Lib\site-packages\mysql\connector\connection_cext.py", line 781, in cmd_query
    raise get_mysql_exception(
        err.errno, msg=err.msg, sqlstate=err.sqlstate
    ) from err
mysql.connector.errors.ProgrammingError: 1060 (42S21): Duplicate column name 'pin'

[2026-05-06 11:01:10] ERROR: Atomic Transaction failed - ROLLBACK TRIGGERED | Error: 1060 (42S21): Duplicate column name 'pin'
Traceback:
Traceback (most recent call last):
  File "C:\Users\user\Desktop\MTO\venv\Lib\site-packages\mysql\connector\connection_cext.py", line 772, in cmd_query
    self._cmysql.query(
    ~~~~~~~~~~~~~~~~~~^
        query,
        ^^^^^^
    ...<3 lines>...
        query_attrs=self.query_attrs,
        ^^^^^^^^^^^^^^^^^^^^^^^^^^^^^
    )
    ^
_mysql_connector.MySQLInterfaceError: Duplicate column name 'pin'

The above exception was the direct cause of the following exception:

Traceback (most recent call last):
  File "C:\Users\user\Desktop\MTO\db_manager.py", line 300, in execute_transaction
    result = operation(cur)
  File "C:\Users\user\Desktop\MTO\migration_manager.py", line 32, in transaction
    cur.execute(stmt)
    ~~~~~~~~~~~^^^^^^
  File "C:\Users\user\Desktop\MTO\venv\Lib\site-packages\mysql\connector\cursor_cext.py", line 353, in execute
    self._connection.cmd_query(
    ~~~~~~~~~~~~~~~~~~~~~~~~~~^
        self._stmt_partition["mappable_stmt"],
        ^^^^^^^^^^^^^^^^^^^^^^^^^^^^^^^^^^^^^^
    ...<2 lines>...
        raw_as_string=self._raw_as_string,
        ^^^^^^^^^^^^^^^^^^^^^^^^^^^^^^^^^^
    )
    ^
  File "C:\Users\user\Desktop\MTO\venv\Lib\site-packages\mysql\connector\opentelemetry\context_propagation.py", line 97, in wrapper
    return method(cnx, *args, **kwargs)
  File "C:\Users\user\Desktop\MTO\venv\Lib\site-packages\mysql\connector\connection_cext.py", line 781, in cmd_query
    raise get_mysql_exception(
        err.errno, msg=err.msg, sqlstate=err.sqlstate
    ) from err
mysql.connector.errors.ProgrammingError: 1060 (42S21): Duplicate column name 'pin'

[2026-05-06 11:06:11] ERROR: Atomic Transaction failed - ROLLBACK TRIGGERED | Error: 1060 (42S21): Duplicate column name 'pin'
Traceback:
Traceback (most recent call last):
  File "C:\Users\user\Desktop\MTO\venv\Lib\site-packages\mysql\connector\connection_cext.py", line 772, in cmd_query
    self._cmysql.query(
    ~~~~~~~~~~~~~~~~~~^
        query,
        ^^^^^^
    ...<3 lines>...
        query_attrs=self.query_attrs,
        ^^^^^^^^^^^^^^^^^^^^^^^^^^^^^
    )
    ^
_mysql_connector.MySQLInterfaceError: Duplicate column name 'pin'

The above exception was the direct cause of the following exception:

Traceback (most recent call last):
  File "C:\Users\user\Desktop\MTO\db_manager.py", line 300, in execute_transaction
    result = operation(cur)
  File "C:\Users\user\Desktop\MTO\migration_manager.py", line 32, in transaction
    cur.execute(stmt)
    ~~~~~~~~~~~^^^^^^
  File "C:\Users\user\Desktop\MTO\venv\Lib\site-packages\mysql\connector\cursor_cext.py", line 353, in execute
    self._connection.cmd_query(
    ~~~~~~~~~~~~~~~~~~~~~~~~~~^
        self._stmt_partition["mappable_stmt"],
        ^^^^^^^^^^^^^^^^^^^^^^^^^^^^^^^^^^^^^^
    ...<2 lines>...
        raw_as_string=self._raw_as_string,
        ^^^^^^^^^^^^^^^^^^^^^^^^^^^^^^^^^^
    )
    ^
  File "C:\Users\user\Desktop\MTO\venv\Lib\site-packages\mysql\connector\opentelemetry\context_propagation.py", line 97, in wrapper
    return method(cnx, *args, **kwargs)
  File "C:\Users\user\Desktop\MTO\venv\Lib\site-packages\mysql\connector\connection_cext.py", line 781, in cmd_query
    raise get_mysql_exception(
        err.errno, msg=err.msg, sqlstate=err.sqlstate
    ) from err
mysql.connector.errors.ProgrammingError: 1060 (42S21): Duplicate column name 'pin'

[2026-05-06 11:07:29] ERROR: Atomic Transaction failed - ROLLBACK TRIGGERED | Error: 1060 (42S21): Duplicate column name 'pin'
Traceback:
Traceback (most recent call last):
  File "C:\Users\user\Desktop\MTO\venv\Lib\site-packages\mysql\connector\connection_cext.py", line 772, in cmd_query
    self._cmysql.query(
    ~~~~~~~~~~~~~~~~~~^
        query,
        ^^^^^^
    ...<3 lines>...
        query_attrs=self.query_attrs,
        ^^^^^^^^^^^^^^^^^^^^^^^^^^^^^
    )
    ^
_mysql_connector.MySQLInterfaceError: Duplicate column name 'pin'

The above exception was the direct cause of the following exception:

Traceback (most recent call last):
  File "C:\Users\user\Desktop\MTO\db_manager.py", line 300, in execute_transaction
    result = operation(cur)
  File "C:\Users\user\Desktop\MTO\migration_manager.py", line 32, in transaction
    cur.execute(stmt)
    ~~~~~~~~~~~^^^^^^
  File "C:\Users\user\Desktop\MTO\venv\Lib\site-packages\mysql\connector\cursor_cext.py", line 353, in execute
    self._connection.cmd_query(
    ~~~~~~~~~~~~~~~~~~~~~~~~~~^
        self._stmt_partition["mappable_stmt"],
        ^^^^^^^^^^^^^^^^^^^^^^^^^^^^^^^^^^^^^^
    ...<2 lines>...
        raw_as_string=self._raw_as_string,
        ^^^^^^^^^^^^^^^^^^^^^^^^^^^^^^^^^^
    )
    ^
  File "C:\Users\user\Desktop\MTO\venv\Lib\site-packages\mysql\connector\opentelemetry\context_propagation.py", line 97, in wrapper
    return method(cnx, *args, **kwargs)
  File "C:\Users\user\Desktop\MTO\venv\Lib\site-packages\mysql\connector\connection_cext.py", line 781, in cmd_query
    raise get_mysql_exception(
        err.errno, msg=err.msg, sqlstate=err.sqlstate
    ) from err
mysql.connector.errors.ProgrammingError: 1060 (42S21): Duplicate column name 'pin'

[2026-05-06 11:08:27] ERROR: Atomic Transaction failed - ROLLBACK TRIGGERED | Error: 1060 (42S21): Duplicate column name 'pin'
Traceback:
Traceback (most recent call last):
  File "C:\Users\user\Desktop\MTO\venv\Lib\site-packages\mysql\connector\connection_cext.py", line 772, in cmd_query
    self._cmysql.query(
    ~~~~~~~~~~~~~~~~~~^
        query,
        ^^^^^^
    ...<3 lines>...
        query_attrs=self.query_attrs,
        ^^^^^^^^^^^^^^^^^^^^^^^^^^^^^
    )
    ^
_mysql_connector.MySQLInterfaceError: Duplicate column name 'pin'

The above exception was the direct cause of the following exception:

Traceback (most recent call last):
  File "C:\Users\user\Desktop\MTO\db_manager.py", line 300, in execute_transaction
    result = operation(cur)
  File "C:\Users\user\Desktop\MTO\migration_manager.py", line 32, in transaction
    cur.execute(stmt)
    ~~~~~~~~~~~^^^^^^
  File "C:\Users\user\Desktop\MTO\venv\Lib\site-packages\mysql\connector\cursor_cext.py", line 353, in execute
    self._connection.cmd_query(
    ~~~~~~~~~~~~~~~~~~~~~~~~~~^
        self._stmt_partition["mappable_stmt"],
        ^^^^^^^^^^^^^^^^^^^^^^^^^^^^^^^^^^^^^^
    ...<2 lines>...
        raw_as_string=self._raw_as_string,
        ^^^^^^^^^^^^^^^^^^^^^^^^^^^^^^^^^^
    )
    ^
  File "C:\Users\user\Desktop\MTO\venv\Lib\site-packages\mysql\connector\opentelemetry\context_propagation.py", line 97, in wrapper
    return method(cnx, *args, **kwargs)
  File "C:\Users\user\Desktop\MTO\venv\Lib\site-packages\mysql\connector\connection_cext.py", line 781, in cmd_query
    raise get_mysql_exception(
        err.errno, msg=err.msg, sqlstate=err.sqlstate
    ) from err
mysql.connector.errors.ProgrammingError: 1060 (42S21): Duplicate column name 'pin'

[2026-05-06 11:10:27] ERROR: Atomic Transaction failed - ROLLBACK TRIGGERED | Error: 1060 (42S21): Duplicate column name 'pin'
Traceback:
Traceback (most recent call last):
  File "C:\Users\user\Desktop\MTO\venv\Lib\site-packages\mysql\connector\connection_cext.py", line 772, in cmd_query
    self._cmysql.query(
    ~~~~~~~~~~~~~~~~~~^
        query,
        ^^^^^^
    ...<3 lines>...
        query_attrs=self.query_attrs,
        ^^^^^^^^^^^^^^^^^^^^^^^^^^^^^
    )
    ^
_mysql_connector.MySQLInterfaceError: Duplicate column name 'pin'

The above exception was the direct cause of the following exception:

Traceback (most recent call last):
  File "C:\Users\user\Desktop\MTO\db_manager.py", line 300, in execute_transaction
    result = operation(cur)
  File "C:\Users\user\Desktop\MTO\migration_manager.py", line 32, in transaction
    cur.execute(stmt)
    ~~~~~~~~~~~^^^^^^
  File "C:\Users\user\Desktop\MTO\venv\Lib\site-packages\mysql\connector\cursor_cext.py", line 353, in execute
    self._connection.cmd_query(
    ~~~~~~~~~~~~~~~~~~~~~~~~~~^
        self._stmt_partition["mappable_stmt"],
        ^^^^^^^^^^^^^^^^^^^^^^^^^^^^^^^^^^^^^^
    ...<2 lines>...
        raw_as_string=self._raw_as_string,
        ^^^^^^^^^^^^^^^^^^^^^^^^^^^^^^^^^^
    )
    ^
  File "C:\Users\user\Desktop\MTO\venv\Lib\site-packages\mysql\connector\opentelemetry\context_propagation.py", line 97, in wrapper
    return method(cnx, *args, **kwargs)
  File "C:\Users\user\Desktop\MTO\venv\Lib\site-packages\mysql\connector\connection_cext.py", line 781, in cmd_query
    raise get_mysql_exception(
        err.errno, msg=err.msg, sqlstate=err.sqlstate
    ) from err
mysql.connector.errors.ProgrammingError: 1060 (42S21): Duplicate column name 'pin'

[2026-05-06 11:11:16] ERROR: Atomic Transaction failed - ROLLBACK TRIGGERED | Error: 1060 (42S21): Duplicate column name 'pin'
Traceback:
Traceback (most recent call last):
  File "C:\Users\user\Desktop\MTO\venv\Lib\site-packages\mysql\connector\connection_cext.py", line 772, in cmd_query
    self._cmysql.query(
    ~~~~~~~~~~~~~~~~~~^
        query,
        ^^^^^^
    ...<3 lines>...
        query_attrs=self.query_attrs,
        ^^^^^^^^^^^^^^^^^^^^^^^^^^^^^
    )
    ^
_mysql_connector.MySQLInterfaceError: Duplicate column name 'pin'

The above exception was the direct cause of the following exception:

Traceback (most recent call last):
  File "C:\Users\user\Desktop\MTO\db_manager.py", line 300, in execute_transaction
    result = operation(cur)
  File "C:\Users\user\Desktop\MTO\migration_manager.py", line 32, in transaction
    cur.execute(stmt)
    ~~~~~~~~~~~^^^^^^
  File "C:\Users\user\Desktop\MTO\venv\Lib\site-packages\mysql\connector\cursor_cext.py", line 353, in execute
    self._connection.cmd_query(
    ~~~~~~~~~~~~~~~~~~~~~~~~~~^
        self._stmt_partition["mappable_stmt"],
        ^^^^^^^^^^^^^^^^^^^^^^^^^^^^^^^^^^^^^^
    ...<2 lines>...
        raw_as_string=self._raw_as_string,
        ^^^^^^^^^^^^^^^^^^^^^^^^^^^^^^^^^^
    )
    ^
  File "C:\Users\user\Desktop\MTO\venv\Lib\site-packages\mysql\connector\opentelemetry\context_propagation.py", line 97, in wrapper
    return method(cnx, *args, **kwargs)
  File "C:\Users\user\Desktop\MTO\venv\Lib\site-packages\mysql\connector\connection_cext.py", line 781, in cmd_query
    raise get_mysql_exception(
        err.errno, msg=err.msg, sqlstate=err.sqlstate
    ) from err
mysql.connector.errors.ProgrammingError: 1060 (42S21): Duplicate column name 'pin'

[2026-05-06 11:12:58] ERROR: Atomic Transaction failed - ROLLBACK TRIGGERED | Error: 1060 (42S21): Duplicate column name 'pin'
Traceback:
Traceback (most recent call last):
  File "C:\Users\user\Desktop\MTO\venv\Lib\site-packages\mysql\connector\connection_cext.py", line 772, in cmd_query
    self._cmysql.query(
    ~~~~~~~~~~~~~~~~~~^
        query,
        ^^^^^^
    ...<3 lines>...
        query_attrs=self.query_attrs,
        ^^^^^^^^^^^^^^^^^^^^^^^^^^^^^
    )
    ^
_mysql_connector.MySQLInterfaceError: Duplicate column name 'pin'

The above exception was the direct cause of the following exception:

Traceback (most recent call last):
  File "C:\Users\user\Desktop\MTO\db_manager.py", line 300, in execute_transaction
    result = operation(cur)
  File "C:\Users\user\Desktop\MTO\migration_manager.py", line 32, in transaction
    cur.execute(stmt)
    ~~~~~~~~~~~^^^^^^
  File "C:\Users\user\Desktop\MTO\venv\Lib\site-packages\mysql\connector\cursor_cext.py", line 353, in execute
    self._connection.cmd_query(
    ~~~~~~~~~~~~~~~~~~~~~~~~~~^
        self._stmt_partition["mappable_stmt"],
        ^^^^^^^^^^^^^^^^^^^^^^^^^^^^^^^^^^^^^^
    ...<2 lines>...
        raw_as_string=self._raw_as_string,
        ^^^^^^^^^^^^^^^^^^^^^^^^^^^^^^^^^^
    )
    ^
  File "C:\Users\user\Desktop\MTO\venv\Lib\site-packages\mysql\connector\opentelemetry\context_propagation.py", line 97, in wrapper
    return method(cnx, *args, **kwargs)
  File "C:\Users\user\Desktop\MTO\venv\Lib\site-packages\mysql\connector\connection_cext.py", line 781, in cmd_query
    raise get_mysql_exception(
        err.errno, msg=err.msg, sqlstate=err.sqlstate
    ) from err
mysql.connector.errors.ProgrammingError: 1060 (42S21): Duplicate column name 'pin'

[2026-05-06 11:13:57] ERROR: Atomic Transaction failed - ROLLBACK TRIGGERED | Error: 1060 (42S21): Duplicate column name 'pin'
Traceback:
Traceback (most recent call last):
  File "C:\Users\user\Desktop\MTO\venv\Lib\site-packages\mysql\connector\connection_cext.py", line 772, in cmd_query
    self._cmysql.query(
    ~~~~~~~~~~~~~~~~~~^
        query,
        ^^^^^^
    ...<3 lines>...
        query_attrs=self.query_attrs,
        ^^^^^^^^^^^^^^^^^^^^^^^^^^^^^
    )
    ^
_mysql_connector.MySQLInterfaceError: Duplicate column name 'pin'

The above exception was the direct cause of the following exception:

Traceback (most recent call last):
  File "C:\Users\user\Desktop\MTO\db_manager.py", line 300, in execute_transaction
    result = operation(cur)
  File "C:\Users\user\Desktop\MTO\migration_manager.py", line 32, in transaction
    cur.execute(stmt)
    ~~~~~~~~~~~^^^^^^
  File "C:\Users\user\Desktop\MTO\venv\Lib\site-packages\mysql\connector\cursor_cext.py", line 353, in execute
    self._connection.cmd_query(
    ~~~~~~~~~~~~~~~~~~~~~~~~~~^
        self._stmt_partition["mappable_stmt"],
        ^^^^^^^^^^^^^^^^^^^^^^^^^^^^^^^^^^^^^^
    ...<2 lines>...
        raw_as_string=self._raw_as_string,
        ^^^^^^^^^^^^^^^^^^^^^^^^^^^^^^^^^^
    )
    ^
  File "C:\Users\user\Desktop\MTO\venv\Lib\site-packages\mysql\connector\opentelemetry\context_propagation.py", line 97, in wrapper
    return method(cnx, *args, **kwargs)
  File "C:\Users\user\Desktop\MTO\venv\Lib\site-packages\mysql\connector\connection_cext.py", line 781, in cmd_query
    raise get_mysql_exception(
        err.errno, msg=err.msg, sqlstate=err.sqlstate
    ) from err
mysql.connector.errors.ProgrammingError: 1060 (42S21): Duplicate column name 'pin'

[2026-05-06 11:16:04] ERROR: Atomic Transaction failed - ROLLBACK TRIGGERED | Error: 1060 (42S21): Duplicate column name 'pin'
Traceback:
Traceback (most recent call last):
  File "C:\Users\user\Desktop\MTO\venv\Lib\site-packages\mysql\connector\connection_cext.py", line 772, in cmd_query
    self._cmysql.query(
    ~~~~~~~~~~~~~~~~~~^
        query,
        ^^^^^^
    ...<3 lines>...
        query_attrs=self.query_attrs,
        ^^^^^^^^^^^^^^^^^^^^^^^^^^^^^
    )
    ^
_mysql_connector.MySQLInterfaceError: Duplicate column name 'pin'

The above exception was the direct cause of the following exception:

Traceback (most recent call last):
  File "C:\Users\user\Desktop\MTO\db_manager.py", line 300, in execute_transaction
    result = operation(cur)
  File "C:\Users\user\Desktop\MTO\migration_manager.py", line 32, in transaction
    cur.execute(stmt)
    ~~~~~~~~~~~^^^^^^
  File "C:\Users\user\Desktop\MTO\venv\Lib\site-packages\mysql\connector\cursor_cext.py", line 353, in execute
    self._connection.cmd_query(
    ~~~~~~~~~~~~~~~~~~~~~~~~~~^
        self._stmt_partition["mappable_stmt"],
        ^^^^^^^^^^^^^^^^^^^^^^^^^^^^^^^^^^^^^^
    ...<2 lines>...
        raw_as_string=self._raw_as_string,
        ^^^^^^^^^^^^^^^^^^^^^^^^^^^^^^^^^^
    )
    ^
  File "C:\Users\user\Desktop\MTO\venv\Lib\site-packages\mysql\connector\opentelemetry\context_propagation.py", line 97, in wrapper
    return method(cnx, *args, **kwargs)
  File "C:\Users\user\Desktop\MTO\venv\Lib\site-packages\mysql\connector\connection_cext.py", line 781, in cmd_query
    raise get_mysql_exception(
        err.errno, msg=err.msg, sqlstate=err.sqlstate
    ) from err
mysql.connector.errors.ProgrammingError: 1060 (42S21): Duplicate column name 'pin'

[2026-05-06 11:17:51] ERROR: Atomic Transaction failed - ROLLBACK TRIGGERED | Error: 1060 (42S21): Duplicate column name 'pin'
Traceback:
Traceback (most recent call last):
  File "C:\Users\user\Desktop\MTO\venv\Lib\site-packages\mysql\connector\connection_cext.py", line 772, in cmd_query
    self._cmysql.query(
    ~~~~~~~~~~~~~~~~~~^
        query,
        ^^^^^^
    ...<3 lines>...
        query_attrs=self.query_attrs,
        ^^^^^^^^^^^^^^^^^^^^^^^^^^^^^
    )
    ^
_mysql_connector.MySQLInterfaceError: Duplicate column name 'pin'

The above exception was the direct cause of the following exception:

Traceback (most recent call last):
  File "C:\Users\user\Desktop\MTO\db_manager.py", line 300, in execute_transaction
    result = operation(cur)
  File "C:\Users\user\Desktop\MTO\migration_manager.py", line 32, in transaction
    cur.execute(stmt)
    ~~~~~~~~~~~^^^^^^
  File "C:\Users\user\Desktop\MTO\venv\Lib\site-packages\mysql\connector\cursor_cext.py", line 353, in execute
    self._connection.cmd_query(
    ~~~~~~~~~~~~~~~~~~~~~~~~~~^
        self._stmt_partition["mappable_stmt"],
        ^^^^^^^^^^^^^^^^^^^^^^^^^^^^^^^^^^^^^^
    ...<2 lines>...
        raw_as_string=self._raw_as_string,
        ^^^^^^^^^^^^^^^^^^^^^^^^^^^^^^^^^^
    )
    ^
  File "C:\Users\user\Desktop\MTO\venv\Lib\site-packages\mysql\connector\opentelemetry\context_propagation.py", line 97, in wrapper
    return method(cnx, *args, **kwargs)
  File "C:\Users\user\Desktop\MTO\venv\Lib\site-packages\mysql\connector\connection_cext.py", line 781, in cmd_query
    raise get_mysql_exception(
        err.errno, msg=err.msg, sqlstate=err.sqlstate
    ) from err
mysql.connector.errors.ProgrammingError: 1060 (42S21): Duplicate column name 'pin'

[2026-05-06 11:21:20] ERROR: Atomic Transaction failed - ROLLBACK TRIGGERED | Error: 1060 (42S21): Duplicate column name 'pin'
Traceback:
Traceback (most recent call last):
  File "C:\Users\user\Desktop\MTO\venv\Lib\site-packages\mysql\connector\connection_cext.py", line 772, in cmd_query
    self._cmysql.query(
    ~~~~~~~~~~~~~~~~~~^
        query,
        ^^^^^^
    ...<3 lines>...
        query_attrs=self.query_attrs,
        ^^^^^^^^^^^^^^^^^^^^^^^^^^^^^
    )
    ^
_mysql_connector.MySQLInterfaceError: Duplicate column name 'pin'

The above exception was the direct cause of the following exception:

Traceback (most recent call last):
  File "C:\Users\user\Desktop\MTO\db_manager.py", line 300, in execute_transaction
    result = operation(cur)
  File "C:\Users\user\Desktop\MTO\migration_manager.py", line 32, in transaction
    cur.execute(stmt)
    ~~~~~~~~~~~^^^^^^
  File "C:\Users\user\Desktop\MTO\venv\Lib\site-packages\mysql\connector\cursor_cext.py", line 353, in execute
    self._connection.cmd_query(
    ~~~~~~~~~~~~~~~~~~~~~~~~~~^
        self._stmt_partition["mappable_stmt"],
        ^^^^^^^^^^^^^^^^^^^^^^^^^^^^^^^^^^^^^^
    ...<2 lines>...
        raw_as_string=self._raw_as_string,
        ^^^^^^^^^^^^^^^^^^^^^^^^^^^^^^^^^^
    )
    ^
  File "C:\Users\user\Desktop\MTO\venv\Lib\site-packages\mysql\connector\opentelemetry\context_propagation.py", line 97, in wrapper
    return method(cnx, *args, **kwargs)
  File "C:\Users\user\Desktop\MTO\venv\Lib\site-packages\mysql\connector\connection_cext.py", line 781, in cmd_query
    raise get_mysql_exception(
        err.errno, msg=err.msg, sqlstate=err.sqlstate
    ) from err
mysql.connector.errors.ProgrammingError: 1060 (42S21): Duplicate column name 'pin'

[2026-05-06 11:22:42] ERROR: Atomic Transaction failed - ROLLBACK TRIGGERED | Error: 1060 (42S21): Duplicate column name 'pin'
Traceback:
Traceback (most recent call last):
  File "C:\Users\user\Desktop\MTO\venv\Lib\site-packages\mysql\connector\connection_cext.py", line 772, in cmd_query
    self._cmysql.query(
    ~~~~~~~~~~~~~~~~~~^
        query,
        ^^^^^^
    ...<3 lines>...
        query_attrs=self.query_attrs,
        ^^^^^^^^^^^^^^^^^^^^^^^^^^^^^
    )
    ^
_mysql_connector.MySQLInterfaceError: Duplicate column name 'pin'

The above exception was the direct cause of the following exception:

Traceback (most recent call last):
  File "C:\Users\user\Desktop\MTO\db_manager.py", line 300, in execute_transaction
    result = operation(cur)
  File "C:\Users\user\Desktop\MTO\migration_manager.py", line 32, in transaction
    cur.execute(stmt)
    ~~~~~~~~~~~^^^^^^
  File "C:\Users\user\Desktop\MTO\venv\Lib\site-packages\mysql\connector\cursor_cext.py", line 353, in execute
    self._connection.cmd_query(
    ~~~~~~~~~~~~~~~~~~~~~~~~~~^
        self._stmt_partition["mappable_stmt"],
        ^^^^^^^^^^^^^^^^^^^^^^^^^^^^^^^^^^^^^^
    ...<2 lines>...
        raw_as_string=self._raw_as_string,
        ^^^^^^^^^^^^^^^^^^^^^^^^^^^^^^^^^^
    )
    ^
  File "C:\Users\user\Desktop\MTO\venv\Lib\site-packages\mysql\connector\opentelemetry\context_propagation.py", line 97, in wrapper
    return method(cnx, *args, **kwargs)
  File "C:\Users\user\Desktop\MTO\venv\Lib\site-packages\mysql\connector\connection_cext.py", line 781, in cmd_query
    raise get_mysql_exception(
        err.errno, msg=err.msg, sqlstate=err.sqlstate
    ) from err
mysql.connector.errors.ProgrammingError: 1060 (42S21): Duplicate column name 'pin'

[2026-05-06 11:22:42] ERROR: Atomic Transaction failed - ROLLBACK TRIGGERED | Error: 1060 (42S21): Duplicate column name 'pin'
Traceback:
Traceback (most recent call last):
  File "C:\Users\user\Desktop\MTO\venv\Lib\site-packages\mysql\connector\connection_cext.py", line 772, in cmd_query
    self._cmysql.query(
    ~~~~~~~~~~~~~~~~~~^
        query,
        ^^^^^^
    ...<3 lines>...
        query_attrs=self.query_attrs,
        ^^^^^^^^^^^^^^^^^^^^^^^^^^^^^
    )
    ^
_mysql_connector.MySQLInterfaceError: Duplicate column name 'pin'

The above exception was the direct cause of the following exception:

Traceback (most recent call last):
  File "C:\Users\user\Desktop\MTO\db_manager.py", line 300, in execute_transaction
    result = operation(cur)
  File "C:\Users\user\Desktop\MTO\migration_manager.py", line 32, in transaction
    cur.execute(stmt)
    ~~~~~~~~~~~^^^^^^
  File "C:\Users\user\Desktop\MTO\venv\Lib\site-packages\mysql\connector\cursor_cext.py", line 353, in execute
    self._connection.cmd_query(
    ~~~~~~~~~~~~~~~~~~~~~~~~~~^
        self._stmt_partition["mappable_stmt"],
        ^^^^^^^^^^^^^^^^^^^^^^^^^^^^^^^^^^^^^^
    ...<2 lines>...
        raw_as_string=self._raw_as_string,
        ^^^^^^^^^^^^^^^^^^^^^^^^^^^^^^^^^^
    )
    ^
  File "C:\Users\user\Desktop\MTO\venv\Lib\site-packages\mysql\connector\opentelemetry\context_propagation.py", line 97, in wrapper
    return method(cnx, *args, **kwargs)
  File "C:\Users\user\Desktop\MTO\venv\Lib\site-packages\mysql\connector\connection_cext.py", line 781, in cmd_query
    raise get_mysql_exception(
        err.errno, msg=err.msg, sqlstate=err.sqlstate
    ) from err
mysql.connector.errors.ProgrammingError: 1060 (42S21): Duplicate column name 'pin'

[2026-05-06 11:23:47] ERROR: Atomic Transaction failed - ROLLBACK TRIGGERED | Error: 1060 (42S21): Duplicate column name 'pin'
Traceback:
Traceback (most recent call last):
  File "C:\Users\user\Desktop\MTO\venv\Lib\site-packages\mysql\connector\connection_cext.py", line 772, in cmd_query
    self._cmysql.query(
    ~~~~~~~~~~~~~~~~~~^
        query,
        ^^^^^^
    ...<3 lines>...
        query_attrs=self.query_attrs,
        ^^^^^^^^^^^^^^^^^^^^^^^^^^^^^
    )
    ^
_mysql_connector.MySQLInterfaceError: Duplicate column name 'pin'

The above exception was the direct cause of the following exception:

Traceback (most recent call last):
  File "C:\Users\user\Desktop\MTO\db_manager.py", line 300, in execute_transaction
    result = operation(cur)
  File "C:\Users\user\Desktop\MTO\migration_manager.py", line 32, in transaction
    cur.execute(stmt)
    ~~~~~~~~~~~^^^^^^
  File "C:\Users\user\Desktop\MTO\venv\Lib\site-packages\mysql\connector\cursor_cext.py", line 353, in execute
    self._connection.cmd_query(
    ~~~~~~~~~~~~~~~~~~~~~~~~~~^
        self._stmt_partition["mappable_stmt"],
        ^^^^^^^^^^^^^^^^^^^^^^^^^^^^^^^^^^^^^^
    ...<2 lines>...
        raw_as_string=self._raw_as_string,
        ^^^^^^^^^^^^^^^^^^^^^^^^^^^^^^^^^^
    )
    ^
  File "C:\Users\user\Desktop\MTO\venv\Lib\site-packages\mysql\connector\opentelemetry\context_propagation.py", line 97, in wrapper
    return method(cnx, *args, **kwargs)
  File "C:\Users\user\Desktop\MTO\venv\Lib\site-packages\mysql\connector\connection_cext.py", line 781, in cmd_query
    raise get_mysql_exception(
        err.errno, msg=err.msg, sqlstate=err.sqlstate
    ) from err
mysql.connector.errors.ProgrammingError: 1060 (42S21): Duplicate column name 'pin'

[2026-05-06 11:34:54] ERROR: Atomic Transaction failed - ROLLBACK TRIGGERED | Error: 1060 (42S21): Duplicate column name 'pin'
Traceback:
Traceback (most recent call last):
  File "C:\Users\user\Desktop\MTO\venv\Lib\site-packages\mysql\connector\connection_cext.py", line 772, in cmd_query
    self._cmysql.query(
    ~~~~~~~~~~~~~~~~~~^
        query,
        ^^^^^^
    ...<3 lines>...
        query_attrs=self.query_attrs,
        ^^^^^^^^^^^^^^^^^^^^^^^^^^^^^
    )
    ^
_mysql_connector.MySQLInterfaceError: Duplicate column name 'pin'

The above exception was the direct cause of the following exception:

Traceback (most recent call last):
  File "C:\Users\user\Desktop\MTO\db_manager.py", line 300, in execute_transaction
    result = operation(cur)
  File "C:\Users\user\Desktop\MTO\migration_manager.py", line 32, in transaction
    cur.execute(stmt)
    ~~~~~~~~~~~^^^^^^
  File "C:\Users\user\Desktop\MTO\venv\Lib\site-packages\mysql\connector\cursor_cext.py", line 353, in execute
    self._connection.cmd_query(
    ~~~~~~~~~~~~~~~~~~~~~~~~~~^
        self._stmt_partition["mappable_stmt"],
        ^^^^^^^^^^^^^^^^^^^^^^^^^^^^^^^^^^^^^^
    ...<2 lines>...
        raw_as_string=self._raw_as_string,
        ^^^^^^^^^^^^^^^^^^^^^^^^^^^^^^^^^^
    )
    ^
  File "C:\Users\user\Desktop\MTO\venv\Lib\site-packages\mysql\connector\opentelemetry\context_propagation.py", line 97, in wrapper
    return method(cnx, *args, **kwargs)
  File "C:\Users\user\Desktop\MTO\venv\Lib\site-packages\mysql\connector\connection_cext.py", line 781, in cmd_query
    raise get_mysql_exception(
        err.errno, msg=err.msg, sqlstate=err.sqlstate
    ) from err
mysql.connector.errors.ProgrammingError: 1060 (42S21): Duplicate column name 'pin'

[2026-05-06 11:45:11] ERROR: Atomic Transaction failed - ROLLBACK TRIGGERED | Error: 1060 (42S21): Duplicate column name 'pin'
Traceback:
Traceback (most recent call last):
  File "C:\Users\user\Desktop\MTO\venv\Lib\site-packages\mysql\connector\connection_cext.py", line 772, in cmd_query
    self._cmysql.query(
    ~~~~~~~~~~~~~~~~~~^
        query,
        ^^^^^^
    ...<3 lines>...
        query_attrs=self.query_attrs,
        ^^^^^^^^^^^^^^^^^^^^^^^^^^^^^
    )
    ^
_mysql_connector.MySQLInterfaceError: Duplicate column name 'pin'

The above exception was the direct cause of the following exception:

Traceback (most recent call last):
  File "C:\Users\user\Desktop\MTO\db_manager.py", line 300, in execute_transaction
    result = operation(cur)
  File "C:\Users\user\Desktop\MTO\migration_manager.py", line 32, in transaction
    cur.execute(stmt)
    ~~~~~~~~~~~^^^^^^
  File "C:\Users\user\Desktop\MTO\venv\Lib\site-packages\mysql\connector\cursor_cext.py", line 353, in execute
    self._connection.cmd_query(
    ~~~~~~~~~~~~~~~~~~~~~~~~~~^
        self._stmt_partition["mappable_stmt"],
        ^^^^^^^^^^^^^^^^^^^^^^^^^^^^^^^^^^^^^^
    ...<2 lines>...
        raw_as_string=self._raw_as_string,
        ^^^^^^^^^^^^^^^^^^^^^^^^^^^^^^^^^^
    )
    ^
  File "C:\Users\user\Desktop\MTO\venv\Lib\site-packages\mysql\connector\opentelemetry\context_propagation.py", line 97, in wrapper
    return method(cnx, *args, **kwargs)
  File "C:\Users\user\Desktop\MTO\venv\Lib\site-packages\mysql\connector\connection_cext.py", line 781, in cmd_query
    raise get_mysql_exception(
        err.errno, msg=err.msg, sqlstate=err.sqlstate
    ) from err
mysql.connector.errors.ProgrammingError: 1060 (42S21): Duplicate column name 'pin'

[2026-05-06 11:55:12] ERROR: Atomic Transaction failed - ROLLBACK TRIGGERED | Error: 1060 (42S21): Duplicate column name 'pin'
Traceback:
Traceback (most recent call last):
  File "C:\Users\user\Desktop\MTO\venv\Lib\site-packages\mysql\connector\connection_cext.py", line 772, in cmd_query
    self._cmysql.query(
    ~~~~~~~~~~~~~~~~~~^
        query,
        ^^^^^^
    ...<3 lines>...
        query_attrs=self.query_attrs,
        ^^^^^^^^^^^^^^^^^^^^^^^^^^^^^
    )
    ^
_mysql_connector.MySQLInterfaceError: Duplicate column name 'pin'

The above exception was the direct cause of the following exception:

Traceback (most recent call last):
  File "C:\Users\user\Desktop\MTO\db_manager.py", line 300, in execute_transaction
    result = operation(cur)
  File "C:\Users\user\Desktop\MTO\migration_manager.py", line 32, in transaction
    cur.execute(stmt)
    ~~~~~~~~~~~^^^^^^
  File "C:\Users\user\Desktop\MTO\venv\Lib\site-packages\mysql\connector\cursor_cext.py", line 353, in execute
    self._connection.cmd_query(
    ~~~~~~~~~~~~~~~~~~~~~~~~~~^
        self._stmt_partition["mappable_stmt"],
        ^^^^^^^^^^^^^^^^^^^^^^^^^^^^^^^^^^^^^^
    ...<2 lines>...
        raw_as_string=self._raw_as_string,
        ^^^^^^^^^^^^^^^^^^^^^^^^^^^^^^^^^^
    )
    ^
  File "C:\Users\user\Desktop\MTO\venv\Lib\site-packages\mysql\connector\opentelemetry\context_propagation.py", line 97, in wrapper
    return method(cnx, *args, **kwargs)
  File "C:\Users\user\Desktop\MTO\venv\Lib\site-packages\mysql\connector\connection_cext.py", line 781, in cmd_query
    raise get_mysql_exception(
        err.errno, msg=err.msg, sqlstate=err.sqlstate
    ) from err
mysql.connector.errors.ProgrammingError: 1060 (42S21): Duplicate column name 'pin'

[2026-05-06 14:14:14] ERROR: Atomic Transaction failed - ROLLBACK TRIGGERED | Error: 1060 (42S21): Duplicate column name 'pin'
Traceback:
Traceback (most recent call last):
  File "C:\Users\user\Desktop\MTO\venv\Lib\site-packages\mysql\connector\connection_cext.py", line 772, in cmd_query
    self._cmysql.query(
    ~~~~~~~~~~~~~~~~~~^
        query,
        ^^^^^^
    ...<3 lines>...
        query_attrs=self.query_attrs,
        ^^^^^^^^^^^^^^^^^^^^^^^^^^^^^
    )
    ^
_mysql_connector.MySQLInterfaceError: Duplicate column name 'pin'

The above exception was the direct cause of the following exception:

Traceback (most recent call last):
  File "C:\Users\user\Desktop\MTO\db_manager.py", line 300, in execute_transaction
    result = operation(cur)
  File "C:\Users\user\Desktop\MTO\migration_manager.py", line 32, in transaction
    cur.execute(stmt)
    ~~~~~~~~~~~^^^^^^
  File "C:\Users\user\Desktop\MTO\venv\Lib\site-packages\mysql\connector\cursor_cext.py", line 353, in execute
    self._connection.cmd_query(
    ~~~~~~~~~~~~~~~~~~~~~~~~~~^
        self._stmt_partition["mappable_stmt"],
        ^^^^^^^^^^^^^^^^^^^^^^^^^^^^^^^^^^^^^^
    ...<2 lines>...
        raw_as_string=self._raw_as_string,
        ^^^^^^^^^^^^^^^^^^^^^^^^^^^^^^^^^^
    )
    ^
  File "C:\Users\user\Desktop\MTO\venv\Lib\site-packages\mysql\connector\opentelemetry\context_propagation.py", line 97, in wrapper
    return method(cnx, *args, **kwargs)
  File "C:\Users\user\Desktop\MTO\venv\Lib\site-packages\mysql\connector\connection_cext.py", line 781, in cmd_query
    raise get_mysql_exception(
        err.errno, msg=err.msg, sqlstate=err.sqlstate
    ) from err
mysql.connector.errors.ProgrammingError: 1060 (42S21): Duplicate column name 'pin'

[2026-05-06 14:17:22] ERROR: DEBUG: New Property Created - ID: 1450
[2026-05-06 14:24:50] ERROR: Atomic Transaction failed - ROLLBACK TRIGGERED | Error: 1060 (42S21): Duplicate column name 'pin'
Traceback:
Traceback (most recent call last):
  File "C:\Users\user\Desktop\MTO\venv\Lib\site-packages\mysql\connector\connection_cext.py", line 772, in cmd_query
    self._cmysql.query(
    ~~~~~~~~~~~~~~~~~~^
        query,
        ^^^^^^
    ...<3 lines>...
        query_attrs=self.query_attrs,
        ^^^^^^^^^^^^^^^^^^^^^^^^^^^^^
    )
    ^
_mysql_connector.MySQLInterfaceError: Duplicate column name 'pin'

The above exception was the direct cause of the following exception:

Traceback (most recent call last):
  File "C:\Users\user\Desktop\MTO\db_manager.py", line 300, in execute_transaction
    result = operation(cur)
  File "C:\Users\user\Desktop\MTO\migration_manager.py", line 32, in transaction
    cur.execute(stmt)
    ~~~~~~~~~~~^^^^^^
  File "C:\Users\user\Desktop\MTO\venv\Lib\site-packages\mysql\connector\cursor_cext.py", line 353, in execute
    self._connection.cmd_query(
    ~~~~~~~~~~~~~~~~~~~~~~~~~~^
        self._stmt_partition["mappable_stmt"],
        ^^^^^^^^^^^^^^^^^^^^^^^^^^^^^^^^^^^^^^
    ...<2 lines>...
        raw_as_string=self._raw_as_string,
        ^^^^^^^^^^^^^^^^^^^^^^^^^^^^^^^^^^
    )
    ^
  File "C:\Users\user\Desktop\MTO\venv\Lib\site-packages\mysql\connector\opentelemetry\context_propagation.py", line 97, in wrapper
    return method(cnx, *args, **kwargs)
  File "C:\Users\user\Desktop\MTO\venv\Lib\site-packages\mysql\connector\connection_cext.py", line 781, in cmd_query
    raise get_mysql_exception(
        err.errno, msg=err.msg, sqlstate=err.sqlstate
    ) from err
mysql.connector.errors.ProgrammingError: 1060 (42S21): Duplicate column name 'pin'

[2026-05-06 14:26:46] ERROR: Database connection error in db_query | Error: Database configuration incomplete. Missing: host, user, database | Details: 
        UPDATE properties 
        SET td_number = UPPER(TRIM(td_number)),
            owner_name = UPPER(TRIM(owner_name)),
            payor_name = UPPER(TRIM(payor_name)),
            lot_number = UPPER(TRIM(lot_number)),
            area = UPPER(TRIM(area)),
            location = UPPER(TRIM(location)),
            kind_of_property = UPPER(TRIM(kind_of_property)),
            accountable_officer = UPPER(TRIM(accountable_officer)),
            or_number = UPPER(TRIM(or_number)),
            tax_year = UPPER(TRIM(tax_year)),
            pin = UPPER(TRIM(pin)),
            block_number = UPPER(TRIM(block_number)),
            prev_td_number = UPPER(TRIM(prev_td_number)),
            barangay = UPPER(TRIM(barangay))
        WHERE id > 0
    
[2026-05-06 14:26:58] ERROR: Database connection error in db_query | Error: Database configuration incomplete. Missing: host, user, database | Details: SELECT 1
[2026-05-06 14:45:39] ERROR: Atomic Transaction failed - ROLLBACK TRIGGERED | Error: 1060 (42S21): Duplicate column name 'pin'
Traceback:
Traceback (most recent call last):
  File "C:\Users\user\Desktop\MTO\venv\Lib\site-packages\mysql\connector\connection_cext.py", line 772, in cmd_query
    self._cmysql.query(
    ~~~~~~~~~~~~~~~~~~^
        query,
        ^^^^^^
    ...<3 lines>...
        query_attrs=self.query_attrs,
        ^^^^^^^^^^^^^^^^^^^^^^^^^^^^^
    )
    ^
_mysql_connector.MySQLInterfaceError: Duplicate column name 'pin'

The above exception was the direct cause of the following exception:

Traceback (most recent call last):
  File "C:\Users\user\Desktop\MTO\db_manager.py", line 300, in execute_transaction
    result = operation(cur)
  File "C:\Users\user\Desktop\MTO\migration_manager.py", line 32, in transaction
    cur.execute(stmt)
    ~~~~~~~~~~~^^^^^^
  File "C:\Users\user\Desktop\MTO\venv\Lib\site-packages\mysql\connector\cursor_cext.py", line 353, in execute
    self._connection.cmd_query(
    ~~~~~~~~~~~~~~~~~~~~~~~~~~^
        self._stmt_partition["mappable_stmt"],
        ^^^^^^^^^^^^^^^^^^^^^^^^^^^^^^^^^^^^^^
    ...<2 lines>...
        raw_as_string=self._raw_as_string,
        ^^^^^^^^^^^^^^^^^^^^^^^^^^^^^^^^^^
    )
    ^
  File "C:\Users\user\Desktop\MTO\venv\Lib\site-packages\mysql\connector\opentelemetry\context_propagation.py", line 97, in wrapper
    return method(cnx, *args, **kwargs)
  File "C:\Users\user\Desktop\MTO\venv\Lib\site-packages\mysql\connector\connection_cext.py", line 781, in cmd_query
    raise get_mysql_exception(
        err.errno, msg=err.msg, sqlstate=err.sqlstate
    ) from err
mysql.connector.errors.ProgrammingError: 1060 (42S21): Duplicate column name 'pin'

[2026-05-06 15:01:43] ERROR: Atomic Transaction failed - ROLLBACK TRIGGERED | Error: 1060 (42S21): Duplicate column name 'pin'
Traceback:
Traceback (most recent call last):
  File "C:\Users\user\Desktop\MTO\venv\Lib\site-packages\mysql\connector\connection_cext.py", line 772, in cmd_query
    self._cmysql.query(
    ~~~~~~~~~~~~~~~~~~^
        query,
        ^^^^^^
    ...<3 lines>...
        query_attrs=self.query_attrs,
        ^^^^^^^^^^^^^^^^^^^^^^^^^^^^^
    )
    ^
_mysql_connector.MySQLInterfaceError: Duplicate column name 'pin'

The above exception was the direct cause of the following exception:

Traceback (most recent call last):
  File "C:\Users\user\Desktop\MTO\db_manager.py", line 300, in execute_transaction
    result = operation(cur)
  File "C:\Users\user\Desktop\MTO\migration_manager.py", line 32, in transaction
    cur.execute(stmt)
    ~~~~~~~~~~~^^^^^^
  File "C:\Users\user\Desktop\MTO\venv\Lib\site-packages\mysql\connector\cursor_cext.py", line 353, in execute
    self._connection.cmd_query(
    ~~~~~~~~~~~~~~~~~~~~~~~~~~^
        self._stmt_partition["mappable_stmt"],
        ^^^^^^^^^^^^^^^^^^^^^^^^^^^^^^^^^^^^^^
    ...<2 lines>...
        raw_as_string=self._raw_as_string,
        ^^^^^^^^^^^^^^^^^^^^^^^^^^^^^^^^^^
    )
    ^
  File "C:\Users\user\Desktop\MTO\venv\Lib\site-packages\mysql\connector\opentelemetry\context_propagation.py", line 97, in wrapper
    return method(cnx, *args, **kwargs)
  File "C:\Users\user\Desktop\MTO\venv\Lib\site-packages\mysql\connector\connection_cext.py", line 781, in cmd_query
    raise get_mysql_exception(
        err.errno, msg=err.msg, sqlstate=err.sqlstate
    ) from err
mysql.connector.errors.ProgrammingError: 1060 (42S21): Duplicate column name 'pin'

[2026-05-06 15:12:01] ERROR: Atomic Transaction failed - ROLLBACK TRIGGERED | Error: 1060 (42S21): Duplicate column name 'pin'
Traceback:
Traceback (most recent call last):
  File "C:\Users\user\Desktop\MTO\venv\Lib\site-packages\mysql\connector\connection_cext.py", line 772, in cmd_query
    self._cmysql.query(
    ~~~~~~~~~~~~~~~~~~^
        query,
        ^^^^^^
    ...<3 lines>...
        query_attrs=self.query_attrs,
        ^^^^^^^^^^^^^^^^^^^^^^^^^^^^^
    )
    ^
_mysql_connector.MySQLInterfaceError: Duplicate column name 'pin'

The above exception was the direct cause of the following exception:

Traceback (most recent call last):
  File "C:\Users\user\Desktop\MTO\db_manager.py", line 300, in execute_transaction
    result = operation(cur)
  File "C:\Users\user\Desktop\MTO\migration_manager.py", line 32, in transaction
    cur.execute(stmt)
    ~~~~~~~~~~~^^^^^^
  File "C:\Users\user\Desktop\MTO\venv\Lib\site-packages\mysql\connector\cursor_cext.py", line 353, in execute
    self._connection.cmd_query(
    ~~~~~~~~~~~~~~~~~~~~~~~~~~^
        self._stmt_partition["mappable_stmt"],
        ^^^^^^^^^^^^^^^^^^^^^^^^^^^^^^^^^^^^^^
    ...<2 lines>...
        raw_as_string=self._raw_as_string,
        ^^^^^^^^^^^^^^^^^^^^^^^^^^^^^^^^^^
    )
    ^
  File "C:\Users\user\Desktop\MTO\venv\Lib\site-packages\mysql\connector\opentelemetry\context_propagation.py", line 97, in wrapper
    return method(cnx, *args, **kwargs)
  File "C:\Users\user\Desktop\MTO\venv\Lib\site-packages\mysql\connector\connection_cext.py", line 781, in cmd_query
    raise get_mysql_exception(
        err.errno, msg=err.msg, sqlstate=err.sqlstate
    ) from err
mysql.connector.errors.ProgrammingError: 1060 (42S21): Duplicate column name 'pin'

[2026-05-06 15:13:12] ERROR: Atomic Transaction failed - ROLLBACK TRIGGERED | Error: 1060 (42S21): Duplicate column name 'pin'
Traceback:
Traceback (most recent call last):
  File "C:\Users\user\Desktop\MTO\venv\Lib\site-packages\mysql\connector\connection_cext.py", line 772, in cmd_query
    self._cmysql.query(
    ~~~~~~~~~~~~~~~~~~^
        query,
        ^^^^^^
    ...<3 lines>...
        query_attrs=self.query_attrs,
        ^^^^^^^^^^^^^^^^^^^^^^^^^^^^^
    )
    ^
_mysql_connector.MySQLInterfaceError: Duplicate column name 'pin'

The above exception was the direct cause of the following exception:

Traceback (most recent call last):
  File "C:\Users\user\Desktop\MTO\db_manager.py", line 300, in execute_transaction
    result = operation(cur)
  File "C:\Users\user\Desktop\MTO\migration_manager.py", line 32, in transaction
    cur.execute(stmt)
    ~~~~~~~~~~~^^^^^^
  File "C:\Users\user\Desktop\MTO\venv\Lib\site-packages\mysql\connector\cursor_cext.py", line 353, in execute
    self._connection.cmd_query(
    ~~~~~~~~~~~~~~~~~~~~~~~~~~^
        self._stmt_partition["mappable_stmt"],
        ^^^^^^^^^^^^^^^^^^^^^^^^^^^^^^^^^^^^^^
    ...<2 lines>...
        raw_as_string=self._raw_as_string,
        ^^^^^^^^^^^^^^^^^^^^^^^^^^^^^^^^^^
    )
    ^
  File "C:\Users\user\Desktop\MTO\venv\Lib\site-packages\mysql\connector\opentelemetry\context_propagation.py", line 97, in wrapper
    return method(cnx, *args, **kwargs)
  File "C:\Users\user\Desktop\MTO\venv\Lib\site-packages\mysql\connector\connection_cext.py", line 781, in cmd_query
    raise get_mysql_exception(
        err.errno, msg=err.msg, sqlstate=err.sqlstate
    ) from err
mysql.connector.errors.ProgrammingError: 1060 (42S21): Duplicate column name 'pin'

[2026-05-06 15:14:54] ERROR: Atomic Transaction failed - ROLLBACK TRIGGERED | Error: 1060 (42S21): Duplicate column name 'pin'
Traceback:
Traceback (most recent call last):
  File "C:\Users\user\Desktop\MTO\venv\Lib\site-packages\mysql\connector\connection_cext.py", line 772, in cmd_query
    self._cmysql.query(
    ~~~~~~~~~~~~~~~~~~^
        query,
        ^^^^^^
    ...<3 lines>...
        query_attrs=self.query_attrs,
        ^^^^^^^^^^^^^^^^^^^^^^^^^^^^^
    )
    ^
_mysql_connector.MySQLInterfaceError: Duplicate column name 'pin'

The above exception was the direct cause of the following exception:

Traceback (most recent call last):
  File "C:\Users\user\Desktop\MTO\db_manager.py", line 300, in execute_transaction
    result = operation(cur)
  File "C:\Users\user\Desktop\MTO\migration_manager.py", line 32, in transaction
    cur.execute(stmt)
    ~~~~~~~~~~~^^^^^^
  File "C:\Users\user\Desktop\MTO\venv\Lib\site-packages\mysql\connector\cursor_cext.py", line 353, in execute
    self._connection.cmd_query(
    ~~~~~~~~~~~~~~~~~~~~~~~~~~^
        self._stmt_partition["mappable_stmt"],
        ^^^^^^^^^^^^^^^^^^^^^^^^^^^^^^^^^^^^^^
    ...<2 lines>...
        raw_as_string=self._raw_as_string,
        ^^^^^^^^^^^^^^^^^^^^^^^^^^^^^^^^^^
    )
    ^
  File "C:\Users\user\Desktop\MTO\venv\Lib\site-packages\mysql\connector\opentelemetry\context_propagation.py", line 97, in wrapper
    return method(cnx, *args, **kwargs)
  File "C:\Users\user\Desktop\MTO\venv\Lib\site-packages\mysql\connector\connection_cext.py", line 781, in cmd_query
    raise get_mysql_exception(
        err.errno, msg=err.msg, sqlstate=err.sqlstate
    ) from err
mysql.connector.errors.ProgrammingError: 1060 (42S21): Duplicate column name 'pin'

[2026-05-06 15:15:58] ERROR: Atomic Transaction failed - ROLLBACK TRIGGERED | Error: 1060 (42S21): Duplicate column name 'pin'
Traceback:
Traceback (most recent call last):
  File "C:\Users\user\Desktop\MTO\venv\Lib\site-packages\mysql\connector\connection_cext.py", line 772, in cmd_query
    self._cmysql.query(
    ~~~~~~~~~~~~~~~~~~^
        query,
        ^^^^^^
    ...<3 lines>...
        query_attrs=self.query_attrs,
        ^^^^^^^^^^^^^^^^^^^^^^^^^^^^^
    )
    ^
_mysql_connector.MySQLInterfaceError: Duplicate column name 'pin'

The above exception was the direct cause of the following exception:

Traceback (most recent call last):
  File "C:\Users\user\Desktop\MTO\db_manager.py", line 300, in execute_transaction
    result = operation(cur)
  File "C:\Users\user\Desktop\MTO\migration_manager.py", line 32, in transaction
    cur.execute(stmt)
    ~~~~~~~~~~~^^^^^^
  File "C:\Users\user\Desktop\MTO\venv\Lib\site-packages\mysql\connector\cursor_cext.py", line 353, in execute
    self._connection.cmd_query(
    ~~~~~~~~~~~~~~~~~~~~~~~~~~^
        self._stmt_partition["mappable_stmt"],
        ^^^^^^^^^^^^^^^^^^^^^^^^^^^^^^^^^^^^^^
    ...<2 lines>...
        raw_as_string=self._raw_as_string,
        ^^^^^^^^^^^^^^^^^^^^^^^^^^^^^^^^^^
    )
    ^
  File "C:\Users\user\Desktop\MTO\venv\Lib\site-packages\mysql\connector\opentelemetry\context_propagation.py", line 97, in wrapper
    return method(cnx, *args, **kwargs)
  File "C:\Users\user\Desktop\MTO\venv\Lib\site-packages\mysql\connector\connection_cext.py", line 781, in cmd_query
    raise get_mysql_exception(
        err.errno, msg=err.msg, sqlstate=err.sqlstate
    ) from err
mysql.connector.errors.ProgrammingError: 1060 (42S21): Duplicate column name 'pin'

[2026-05-06 15:16:11] ERROR: Atomic Transaction failed - ROLLBACK TRIGGERED | Error: 1060 (42S21): Duplicate column name 'pin'
Traceback:
Traceback (most recent call last):
  File "C:\Users\user\Desktop\MTO\venv\Lib\site-packages\mysql\connector\connection_cext.py", line 772, in cmd_query
    self._cmysql.query(
    ~~~~~~~~~~~~~~~~~~^
        query,
        ^^^^^^
    ...<3 lines>...
        query_attrs=self.query_attrs,
        ^^^^^^^^^^^^^^^^^^^^^^^^^^^^^
    )
    ^
_mysql_connector.MySQLInterfaceError: Duplicate column name 'pin'

The above exception was the direct cause of the following exception:

Traceback (most recent call last):
  File "C:\Users\user\Desktop\MTO\db_manager.py", line 300, in execute_transaction
    result = operation(cur)
  File "C:\Users\user\Desktop\MTO\migration_manager.py", line 32, in transaction
    cur.execute(stmt)
    ~~~~~~~~~~~^^^^^^
  File "C:\Users\user\Desktop\MTO\venv\Lib\site-packages\mysql\connector\cursor_cext.py", line 353, in execute
    self._connection.cmd_query(
    ~~~~~~~~~~~~~~~~~~~~~~~~~~^
        self._stmt_partition["mappable_stmt"],
        ^^^^^^^^^^^^^^^^^^^^^^^^^^^^^^^^^^^^^^
    ...<2 lines>...
        raw_as_string=self._raw_as_string,
        ^^^^^^^^^^^^^^^^^^^^^^^^^^^^^^^^^^
    )
    ^
  File "C:\Users\user\Desktop\MTO\venv\Lib\site-packages\mysql\connector\opentelemetry\context_propagation.py", line 97, in wrapper
    return method(cnx, *args, **kwargs)
  File "C:\Users\user\Desktop\MTO\venv\Lib\site-packages\mysql\connector\connection_cext.py", line 781, in cmd_query
    raise get_mysql_exception(
        err.errno, msg=err.msg, sqlstate=err.sqlstate
    ) from err
mysql.connector.errors.ProgrammingError: 1060 (42S21): Duplicate column name 'pin'

[2026-05-06 15:18:45] ERROR: Atomic Transaction failed - ROLLBACK TRIGGERED | Error: 1060 (42S21): Duplicate column name 'pin'
Traceback:
Traceback (most recent call last):
  File "C:\Users\user\Desktop\MTO\venv\Lib\site-packages\mysql\connector\connection_cext.py", line 772, in cmd_query
    self._cmysql.query(
    ~~~~~~~~~~~~~~~~~~^
        query,
        ^^^^^^
    ...<3 lines>...
        query_attrs=self.query_attrs,
        ^^^^^^^^^^^^^^^^^^^^^^^^^^^^^
    )
    ^
_mysql_connector.MySQLInterfaceError: Duplicate column name 'pin'

The above exception was the direct cause of the following exception:

Traceback (most recent call last):
  File "C:\Users\user\Desktop\MTO\db_manager.py", line 300, in execute_transaction
    result = operation(cur)
  File "C:\Users\user\Desktop\MTO\migration_manager.py", line 32, in transaction
    cur.execute(stmt)
    ~~~~~~~~~~~^^^^^^
  File "C:\Users\user\Desktop\MTO\venv\Lib\site-packages\mysql\connector\cursor_cext.py", line 353, in execute
    self._connection.cmd_query(
    ~~~~~~~~~~~~~~~~~~~~~~~~~~^
        self._stmt_partition["mappable_stmt"],
        ^^^^^^^^^^^^^^^^^^^^^^^^^^^^^^^^^^^^^^
    ...<2 lines>...
        raw_as_string=self._raw_as_string,
        ^^^^^^^^^^^^^^^^^^^^^^^^^^^^^^^^^^
    )
    ^
  File "C:\Users\user\Desktop\MTO\venv\Lib\site-packages\mysql\connector\opentelemetry\context_propagation.py", line 97, in wrapper
    return method(cnx, *args, **kwargs)
  File "C:\Users\user\Desktop\MTO\venv\Lib\site-packages\mysql\connector\connection_cext.py", line 781, in cmd_query
    raise get_mysql_exception(
        err.errno, msg=err.msg, sqlstate=err.sqlstate
    ) from err
mysql.connector.errors.ProgrammingError: 1060 (42S21): Duplicate column name 'pin'

[2026-05-06 15:20:27] ERROR: Atomic Transaction failed - ROLLBACK TRIGGERED | Error: 1060 (42S21): Duplicate column name 'pin'
Traceback:
Traceback (most recent call last):
  File "C:\Users\user\Desktop\MTO\venv\Lib\site-packages\mysql\connector\connection_cext.py", line 772, in cmd_query
    self._cmysql.query(
    ~~~~~~~~~~~~~~~~~~^
        query,
        ^^^^^^
    ...<3 lines>...
        query_attrs=self.query_attrs,
        ^^^^^^^^^^^^^^^^^^^^^^^^^^^^^
    )
    ^
_mysql_connector.MySQLInterfaceError: Duplicate column name 'pin'

The above exception was the direct cause of the following exception:

Traceback (most recent call last):
  File "C:\Users\user\Desktop\MTO\db_manager.py", line 300, in execute_transaction
    result = operation(cur)
  File "C:\Users\user\Desktop\MTO\migration_manager.py", line 32, in transaction
    cur.execute(stmt)
    ~~~~~~~~~~~^^^^^^
  File "C:\Users\user\Desktop\MTO\venv\Lib\site-packages\mysql\connector\cursor_cext.py", line 353, in execute
    self._connection.cmd_query(
    ~~~~~~~~~~~~~~~~~~~~~~~~~~^
        self._stmt_partition["mappable_stmt"],
        ^^^^^^^^^^^^^^^^^^^^^^^^^^^^^^^^^^^^^^
    ...<2 lines>...
        raw_as_string=self._raw_as_string,
        ^^^^^^^^^^^^^^^^^^^^^^^^^^^^^^^^^^
    )
    ^
  File "C:\Users\user\Desktop\MTO\venv\Lib\site-packages\mysql\connector\opentelemetry\context_propagation.py", line 97, in wrapper
    return method(cnx, *args, **kwargs)
  File "C:\Users\user\Desktop\MTO\venv\Lib\site-packages\mysql\connector\connection_cext.py", line 781, in cmd_query
    raise get_mysql_exception(
        err.errno, msg=err.msg, sqlstate=err.sqlstate
    ) from err
mysql.connector.errors.ProgrammingError: 1060 (42S21): Duplicate column name 'pin'

[2026-05-06 15:22:22] ERROR: Atomic Transaction failed - ROLLBACK TRIGGERED | Error: 1060 (42S21): Duplicate column name 'pin'
Traceback:
Traceback (most recent call last):
  File "C:\Users\user\Desktop\MTO\venv\Lib\site-packages\mysql\connector\connection_cext.py", line 772, in cmd_query
    self._cmysql.query(
    ~~~~~~~~~~~~~~~~~~^
        query,
        ^^^^^^
    ...<3 lines>...
        query_attrs=self.query_attrs,
        ^^^^^^^^^^^^^^^^^^^^^^^^^^^^^
    )
    ^
_mysql_connector.MySQLInterfaceError: Duplicate column name 'pin'

The above exception was the direct cause of the following exception:

Traceback (most recent call last):
  File "C:\Users\user\Desktop\MTO\db_manager.py", line 300, in execute_transaction
    result = operation(cur)
  File "C:\Users\user\Desktop\MTO\migration_manager.py", line 32, in transaction
    cur.execute(stmt)
    ~~~~~~~~~~~^^^^^^
  File "C:\Users\user\Desktop\MTO\venv\Lib\site-packages\mysql\connector\cursor_cext.py", line 353, in execute
    self._connection.cmd_query(
    ~~~~~~~~~~~~~~~~~~~~~~~~~~^
        self._stmt_partition["mappable_stmt"],
        ^^^^^^^^^^^^^^^^^^^^^^^^^^^^^^^^^^^^^^
    ...<2 lines>...
        raw_as_string=self._raw_as_string,
        ^^^^^^^^^^^^^^^^^^^^^^^^^^^^^^^^^^
    )
    ^
  File "C:\Users\user\Desktop\MTO\venv\Lib\site-packages\mysql\connector\opentelemetry\context_propagation.py", line 97, in wrapper
    return method(cnx, *args, **kwargs)
  File "C:\Users\user\Desktop\MTO\venv\Lib\site-packages\mysql\connector\connection_cext.py", line 781, in cmd_query
    raise get_mysql_exception(
        err.errno, msg=err.msg, sqlstate=err.sqlstate
    ) from err
mysql.connector.errors.ProgrammingError: 1060 (42S21): Duplicate column name 'pin'

[2026-05-06 15:50:04] ERROR: Atomic Transaction failed - ROLLBACK TRIGGERED | Error: 1060 (42S21): Duplicate column name 'pin'
Traceback:
Traceback (most recent call last):
  File "C:\Users\user\Desktop\MTO\venv\Lib\site-packages\mysql\connector\connection_cext.py", line 772, in cmd_query
    self._cmysql.query(
    ~~~~~~~~~~~~~~~~~~^
        query,
        ^^^^^^
    ...<3 lines>...
        query_attrs=self.query_attrs,
        ^^^^^^^^^^^^^^^^^^^^^^^^^^^^^
    )
    ^
_mysql_connector.MySQLInterfaceError: Duplicate column name 'pin'

The above exception was the direct cause of the following exception:

Traceback (most recent call last):
  File "C:\Users\user\Desktop\MTO\db_manager.py", line 300, in execute_transaction
    result = operation(cur)
  File "C:\Users\user\Desktop\MTO\migration_manager.py", line 32, in transaction
    cur.execute(stmt)
    ~~~~~~~~~~~^^^^^^
  File "C:\Users\user\Desktop\MTO\venv\Lib\site-packages\mysql\connector\cursor_cext.py", line 353, in execute
    self._connection.cmd_query(
    ~~~~~~~~~~~~~~~~~~~~~~~~~~^
        self._stmt_partition["mappable_stmt"],
        ^^^^^^^^^^^^^^^^^^^^^^^^^^^^^^^^^^^^^^
    ...<2 lines>...
        raw_as_string=self._raw_as_string,
        ^^^^^^^^^^^^^^^^^^^^^^^^^^^^^^^^^^
    )
    ^
  File "C:\Users\user\Desktop\MTO\venv\Lib\site-packages\mysql\connector\opentelemetry\context_propagation.py", line 97, in wrapper
    return method(cnx, *args, **kwargs)
  File "C:\Users\user\Desktop\MTO\venv\Lib\site-packages\mysql\connector\connection_cext.py", line 781, in cmd_query
    raise get_mysql_exception(
        err.errno, msg=err.msg, sqlstate=err.sqlstate
    ) from err
mysql.connector.errors.ProgrammingError: 1060 (42S21): Duplicate column name 'pin'

[2026-05-06 15:57:57] ERROR: Atomic Transaction failed - ROLLBACK TRIGGERED | Error: 1060 (42S21): Duplicate column name 'pin'
Traceback:
Traceback (most recent call last):
  File "C:\Users\user\Desktop\MTO\venv\Lib\site-packages\mysql\connector\connection_cext.py", line 772, in cmd_query
    self._cmysql.query(
    ~~~~~~~~~~~~~~~~~~^
        query,
        ^^^^^^
    ...<3 lines>...
        query_attrs=self.query_attrs,
        ^^^^^^^^^^^^^^^^^^^^^^^^^^^^^
    )
    ^
_mysql_connector.MySQLInterfaceError: Duplicate column name 'pin'

The above exception was the direct cause of the following exception:

Traceback (most recent call last):
  File "C:\Users\user\Desktop\MTO\db_manager.py", line 300, in execute_transaction
    result = operation(cur)
  File "C:\Users\user\Desktop\MTO\migration_manager.py", line 32, in transaction
    cur.execute(stmt)
    ~~~~~~~~~~~^^^^^^
  File "C:\Users\user\Desktop\MTO\venv\Lib\site-packages\mysql\connector\cursor_cext.py", line 353, in execute
    self._connection.cmd_query(
    ~~~~~~~~~~~~~~~~~~~~~~~~~~^
        self._stmt_partition["mappable_stmt"],
        ^^^^^^^^^^^^^^^^^^^^^^^^^^^^^^^^^^^^^^
    ...<2 lines>...
        raw_as_string=self._raw_as_string,
        ^^^^^^^^^^^^^^^^^^^^^^^^^^^^^^^^^^
    )
    ^
  File "C:\Users\user\Desktop\MTO\venv\Lib\site-packages\mysql\connector\opentelemetry\context_propagation.py", line 97, in wrapper
    return method(cnx, *args, **kwargs)
  File "C:\Users\user\Desktop\MTO\venv\Lib\site-packages\mysql\connector\connection_cext.py", line 781, in cmd_query
    raise get_mysql_exception(
        err.errno, msg=err.msg, sqlstate=err.sqlstate
    ) from err
mysql.connector.errors.ProgrammingError: 1060 (42S21): Duplicate column name 'pin'

[2026-05-06 15:59:22] ERROR: Atomic Transaction failed - ROLLBACK TRIGGERED | Error: 1060 (42S21): Duplicate column name 'pin'
Traceback:
Traceback (most recent call last):
  File "C:\Users\user\Desktop\MTO\venv\Lib\site-packages\mysql\connector\connection_cext.py", line 772, in cmd_query
    self._cmysql.query(
    ~~~~~~~~~~~~~~~~~~^
        query,
        ^^^^^^
    ...<3 lines>...
        query_attrs=self.query_attrs,
        ^^^^^^^^^^^^^^^^^^^^^^^^^^^^^
    )
    ^
_mysql_connector.MySQLInterfaceError: Duplicate column name 'pin'

The above exception was the direct cause of the following exception:

Traceback (most recent call last):
  File "C:\Users\user\Desktop\MTO\db_manager.py", line 300, in execute_transaction
    result = operation(cur)
  File "C:\Users\user\Desktop\MTO\migration_manager.py", line 32, in transaction
    cur.execute(stmt)
    ~~~~~~~~~~~^^^^^^
  File "C:\Users\user\Desktop\MTO\venv\Lib\site-packages\mysql\connector\cursor_cext.py", line 353, in execute
    self._connection.cmd_query(
    ~~~~~~~~~~~~~~~~~~~~~~~~~~^
        self._stmt_partition["mappable_stmt"],
        ^^^^^^^^^^^^^^^^^^^^^^^^^^^^^^^^^^^^^^
    ...<2 lines>...
        raw_as_string=self._raw_as_string,
        ^^^^^^^^^^^^^^^^^^^^^^^^^^^^^^^^^^
    )
    ^
  File "C:\Users\user\Desktop\MTO\venv\Lib\site-packages\mysql\connector\opentelemetry\context_propagation.py", line 97, in wrapper
    return method(cnx, *args, **kwargs)
  File "C:\Users\user\Desktop\MTO\venv\Lib\site-packages\mysql\connector\connection_cext.py", line 781, in cmd_query
    raise get_mysql_exception(
        err.errno, msg=err.msg, sqlstate=err.sqlstate
    ) from err
mysql.connector.errors.ProgrammingError: 1060 (42S21): Duplicate column name 'pin'

[2026-05-06 15:59:55] ERROR: Atomic Transaction failed - ROLLBACK TRIGGERED | Error: 1060 (42S21): Duplicate column name 'pin'
Traceback:
Traceback (most recent call last):
  File "C:\Users\user\Desktop\MTO\venv\Lib\site-packages\mysql\connector\connection_cext.py", line 772, in cmd_query
    self._cmysql.query(
    ~~~~~~~~~~~~~~~~~~^
        query,
        ^^^^^^
    ...<3 lines>...
        query_attrs=self.query_attrs,
        ^^^^^^^^^^^^^^^^^^^^^^^^^^^^^
    )
    ^
_mysql_connector.MySQLInterfaceError: Duplicate column name 'pin'

The above exception was the direct cause of the following exception:

Traceback (most recent call last):
  File "C:\Users\user\Desktop\MTO\db_manager.py", line 300, in execute_transaction
    result = operation(cur)
  File "C:\Users\user\Desktop\MTO\migration_manager.py", line 32, in transaction
    cur.execute(stmt)
    ~~~~~~~~~~~^^^^^^
  File "C:\Users\user\Desktop\MTO\venv\Lib\site-packages\mysql\connector\cursor_cext.py", line 353, in execute
    self._connection.cmd_query(
    ~~~~~~~~~~~~~~~~~~~~~~~~~~^
        self._stmt_partition["mappable_stmt"],
        ^^^^^^^^^^^^^^^^^^^^^^^^^^^^^^^^^^^^^^
    ...<2 lines>...
        raw_as_string=self._raw_as_string,
        ^^^^^^^^^^^^^^^^^^^^^^^^^^^^^^^^^^
    )
    ^
  File "C:\Users\user\Desktop\MTO\venv\Lib\site-packages\mysql\connector\opentelemetry\context_propagation.py", line 97, in wrapper
    return method(cnx, *args, **kwargs)
  File "C:\Users\user\Desktop\MTO\venv\Lib\site-packages\mysql\connector\connection_cext.py", line 781, in cmd_query
    raise get_mysql_exception(
        err.errno, msg=err.msg, sqlstate=err.sqlstate
    ) from err
mysql.connector.errors.ProgrammingError: 1060 (42S21): Duplicate column name 'pin'

[2026-05-06 16:02:20] ERROR: Atomic Transaction failed - ROLLBACK TRIGGERED | Error: 1060 (42S21): Duplicate column name 'pin'
Traceback:
Traceback (most recent call last):
  File "C:\Users\user\Desktop\MTO\venv\Lib\site-packages\mysql\connector\connection_cext.py", line 772, in cmd_query
    self._cmysql.query(
    ~~~~~~~~~~~~~~~~~~^
        query,
        ^^^^^^
    ...<3 lines>...
        query_attrs=self.query_attrs,
        ^^^^^^^^^^^^^^^^^^^^^^^^^^^^^
    )
    ^
_mysql_connector.MySQLInterfaceError: Duplicate column name 'pin'

The above exception was the direct cause of the following exception:

Traceback (most recent call last):
  File "C:\Users\user\Desktop\MTO\db_manager.py", line 300, in execute_transaction
    result = operation(cur)
  File "C:\Users\user\Desktop\MTO\migration_manager.py", line 32, in transaction
    cur.execute(stmt)
    ~~~~~~~~~~~^^^^^^
  File "C:\Users\user\Desktop\MTO\venv\Lib\site-packages\mysql\connector\cursor_cext.py", line 353, in execute
    self._connection.cmd_query(
    ~~~~~~~~~~~~~~~~~~~~~~~~~~^
        self._stmt_partition["mappable_stmt"],
        ^^^^^^^^^^^^^^^^^^^^^^^^^^^^^^^^^^^^^^
    ...<2 lines>...
        raw_as_string=self._raw_as_string,
        ^^^^^^^^^^^^^^^^^^^^^^^^^^^^^^^^^^
    )
    ^
  File "C:\Users\user\Desktop\MTO\venv\Lib\site-packages\mysql\connector\opentelemetry\context_propagation.py", line 97, in wrapper
    return method(cnx, *args, **kwargs)
  File "C:\Users\user\Desktop\MTO\venv\Lib\site-packages\mysql\connector\connection_cext.py", line 781, in cmd_query
    raise get_mysql_exception(
        err.errno, msg=err.msg, sqlstate=err.sqlstate
    ) from err
mysql.connector.errors.ProgrammingError: 1060 (42S21): Duplicate column name 'pin'

[2026-05-06 16:02:45] ERROR: Atomic Transaction failed - ROLLBACK TRIGGERED | Error: 1060 (42S21): Duplicate column name 'pin'
Traceback:
Traceback (most recent call last):
  File "C:\Users\user\Desktop\MTO\venv\Lib\site-packages\mysql\connector\connection_cext.py", line 772, in cmd_query
    self._cmysql.query(
    ~~~~~~~~~~~~~~~~~~^
        query,
        ^^^^^^
    ...<3 lines>...
        query_attrs=self.query_attrs,
        ^^^^^^^^^^^^^^^^^^^^^^^^^^^^^
    )
    ^
_mysql_connector.MySQLInterfaceError: Duplicate column name 'pin'

The above exception was the direct cause of the following exception:

Traceback (most recent call last):
  File "C:\Users\user\Desktop\MTO\db_manager.py", line 300, in execute_transaction
    result = operation(cur)
  File "C:\Users\user\Desktop\MTO\migration_manager.py", line 32, in transaction
    cur.execute(stmt)
    ~~~~~~~~~~~^^^^^^
  File "C:\Users\user\Desktop\MTO\venv\Lib\site-packages\mysql\connector\cursor_cext.py", line 353, in execute
    self._connection.cmd_query(
    ~~~~~~~~~~~~~~~~~~~~~~~~~~^
        self._stmt_partition["mappable_stmt"],
        ^^^^^^^^^^^^^^^^^^^^^^^^^^^^^^^^^^^^^^
    ...<2 lines>...
        raw_as_string=self._raw_as_string,
        ^^^^^^^^^^^^^^^^^^^^^^^^^^^^^^^^^^
    )
    ^
  File "C:\Users\user\Desktop\MTO\venv\Lib\site-packages\mysql\connector\opentelemetry\context_propagation.py", line 97, in wrapper
    return method(cnx, *args, **kwargs)
  File "C:\Users\user\Desktop\MTO\venv\Lib\site-packages\mysql\connector\connection_cext.py", line 781, in cmd_query
    raise get_mysql_exception(
        err.errno, msg=err.msg, sqlstate=err.sqlstate
    ) from err
mysql.connector.errors.ProgrammingError: 1060 (42S21): Duplicate column name 'pin'

[2026-05-06 16:03:14] ERROR: Atomic Transaction failed - ROLLBACK TRIGGERED | Error: 1060 (42S21): Duplicate column name 'pin'
Traceback:
Traceback (most recent call last):
  File "C:\Users\user\Desktop\MTO\venv\Lib\site-packages\mysql\connector\connection_cext.py", line 772, in cmd_query
    self._cmysql.query(
    ~~~~~~~~~~~~~~~~~~^
        query,
        ^^^^^^
    ...<3 lines>...
        query_attrs=self.query_attrs,
        ^^^^^^^^^^^^^^^^^^^^^^^^^^^^^
    )
    ^
_mysql_connector.MySQLInterfaceError: Duplicate column name 'pin'

The above exception was the direct cause of the following exception:

Traceback (most recent call last):
  File "C:\Users\user\Desktop\MTO\db_manager.py", line 300, in execute_transaction
    result = operation(cur)
  File "C:\Users\user\Desktop\MTO\migration_manager.py", line 32, in transaction
    cur.execute(stmt)
    ~~~~~~~~~~~^^^^^^
  File "C:\Users\user\Desktop\MTO\venv\Lib\site-packages\mysql\connector\cursor_cext.py", line 353, in execute
    self._connection.cmd_query(
    ~~~~~~~~~~~~~~~~~~~~~~~~~~^
        self._stmt_partition["mappable_stmt"],
        ^^^^^^^^^^^^^^^^^^^^^^^^^^^^^^^^^^^^^^
    ...<2 lines>...
        raw_as_string=self._raw_as_string,
        ^^^^^^^^^^^^^^^^^^^^^^^^^^^^^^^^^^
    )
    ^
  File "C:\Users\user\Desktop\MTO\venv\Lib\site-packages\mysql\connector\opentelemetry\context_propagation.py", line 97, in wrapper
    return method(cnx, *args, **kwargs)
  File "C:\Users\user\Desktop\MTO\venv\Lib\site-packages\mysql\connector\connection_cext.py", line 781, in cmd_query
    raise get_mysql_exception(
        err.errno, msg=err.msg, sqlstate=err.sqlstate
    ) from err
mysql.connector.errors.ProgrammingError: 1060 (42S21): Duplicate column name 'pin'

[2026-05-06 16:07:34] ERROR: Atomic Transaction failed - ROLLBACK TRIGGERED | Error: 1060 (42S21): Duplicate column name 'pin'
Traceback:
Traceback (most recent call last):
  File "C:\Users\user\Desktop\MTO\venv\Lib\site-packages\mysql\connector\connection_cext.py", line 772, in cmd_query
    self._cmysql.query(
    ~~~~~~~~~~~~~~~~~~^
        query,
        ^^^^^^
    ...<3 lines>...
        query_attrs=self.query_attrs,
        ^^^^^^^^^^^^^^^^^^^^^^^^^^^^^
    )
    ^
_mysql_connector.MySQLInterfaceError: Duplicate column name 'pin'

The above exception was the direct cause of the following exception:

Traceback (most recent call last):
  File "C:\Users\user\Desktop\MTO\db_manager.py", line 300, in execute_transaction
    result = operation(cur)
  File "C:\Users\user\Desktop\MTO\migration_manager.py", line 32, in transaction
    cur.execute(stmt)
    ~~~~~~~~~~~^^^^^^
  File "C:\Users\user\Desktop\MTO\venv\Lib\site-packages\mysql\connector\cursor_cext.py", line 353, in execute
    self._connection.cmd_query(
    ~~~~~~~~~~~~~~~~~~~~~~~~~~^
        self._stmt_partition["mappable_stmt"],
        ^^^^^^^^^^^^^^^^^^^^^^^^^^^^^^^^^^^^^^
    ...<2 lines>...
        raw_as_string=self._raw_as_string,
        ^^^^^^^^^^^^^^^^^^^^^^^^^^^^^^^^^^
    )
    ^
  File "C:\Users\user\Desktop\MTO\venv\Lib\site-packages\mysql\connector\opentelemetry\context_propagation.py", line 97, in wrapper
    return method(cnx, *args, **kwargs)
  File "C:\Users\user\Desktop\MTO\venv\Lib\site-packages\mysql\connector\connection_cext.py", line 781, in cmd_query
    raise get_mysql_exception(
        err.errno, msg=err.msg, sqlstate=err.sqlstate
    ) from err
mysql.connector.errors.ProgrammingError: 1060 (42S21): Duplicate column name 'pin'

[2026-05-06 16:55:11] ERROR: Atomic Transaction failed - ROLLBACK TRIGGERED | Error: 1060 (42S21): Duplicate column name 'pin'
Traceback:
Traceback (most recent call last):
  File "C:\Users\user\Desktop\MTO\venv\Lib\site-packages\mysql\connector\connection_cext.py", line 772, in cmd_query
    self._cmysql.query(
    ~~~~~~~~~~~~~~~~~~^
        query,
        ^^^^^^
    ...<3 lines>...
        query_attrs=self.query_attrs,
        ^^^^^^^^^^^^^^^^^^^^^^^^^^^^^
    )
    ^
_mysql_connector.MySQLInterfaceError: Duplicate column name 'pin'

The above exception was the direct cause of the following exception:

Traceback (most recent call last):
  File "C:\Users\user\Desktop\MTO\db_manager.py", line 300, in execute_transaction
    result = operation(cur)
  File "C:\Users\user\Desktop\MTO\migration_manager.py", line 32, in transaction
    cur.execute(stmt)
    ~~~~~~~~~~~^^^^^^
  File "C:\Users\user\Desktop\MTO\venv\Lib\site-packages\mysql\connector\cursor_cext.py", line 353, in execute
    self._connection.cmd_query(
    ~~~~~~~~~~~~~~~~~~~~~~~~~~^
        self._stmt_partition["mappable_stmt"],
        ^^^^^^^^^^^^^^^^^^^^^^^^^^^^^^^^^^^^^^
    ...<2 lines>...
        raw_as_string=self._raw_as_string,
        ^^^^^^^^^^^^^^^^^^^^^^^^^^^^^^^^^^
    )
    ^
  File "C:\Users\user\Desktop\MTO\venv\Lib\site-packages\mysql\connector\opentelemetry\context_propagation.py", line 97, in wrapper
    return method(cnx, *args, **kwargs)
  File "C:\Users\user\Desktop\MTO\venv\Lib\site-packages\mysql\connector\connection_cext.py", line 781, in cmd_query
    raise get_mysql_exception(
        err.errno, msg=err.msg, sqlstate=err.sqlstate
    ) from err
mysql.connector.errors.ProgrammingError: 1060 (42S21): Duplicate column name 'pin'

[2026-05-06 17:24:19] ERROR: Database query failed | Error: 1054 (42S22): Unknown column 'penalty' in 'payment_billings' | Details: query=ALTER TABLE payment_billings ADD COLUMN discount DECIMAL(14,2) DEFAULT 0.00 AFTER penalty
Traceback:
Traceback (most recent call last):
  File "C:\Users\user\Desktop\MTO\venv\Lib\site-packages\mysql\connector\connection_cext.py", line 772, in cmd_query
    self._cmysql.query(
    ~~~~~~~~~~~~~~~~~~^
        query,
        ^^^^^^
    ...<3 lines>...
        query_attrs=self.query_attrs,
        ^^^^^^^^^^^^^^^^^^^^^^^^^^^^^
    )
    ^
_mysql_connector.MySQLInterfaceError: Unknown column 'penalty' in 'payment_billings'

The above exception was the direct cause of the following exception:

Traceback (most recent call last):
  File "C:\Users\user\Desktop\MTO\db_manager.py", line 248, in db_query
    cur.execute(query, params)
    ~~~~~~~~~~~^^^^^^^^^^^^^^^
  File "C:\Users\user\Desktop\MTO\venv\Lib\site-packages\mysql\connector\cursor_cext.py", line 353, in execute
    self._connection.cmd_query(
    ~~~~~~~~~~~~~~~~~~~~~~~~~~^
        self._stmt_partition["mappable_stmt"],
        ^^^^^^^^^^^^^^^^^^^^^^^^^^^^^^^^^^^^^^
    ...<2 lines>...
        raw_as_string=self._raw_as_string,
        ^^^^^^^^^^^^^^^^^^^^^^^^^^^^^^^^^^
    )
    ^
  File "C:\Users\user\Desktop\MTO\venv\Lib\site-packages\mysql\connector\opentelemetry\context_propagation.py", line 97, in wrapper
    return method(cnx, *args, **kwargs)
  File "C:\Users\user\Desktop\MTO\venv\Lib\site-packages\mysql\connector\connection_cext.py", line 781, in cmd_query
    raise get_mysql_exception(
        err.errno, msg=err.msg, sqlstate=err.sqlstate
    ) from err
mysql.connector.errors.ProgrammingError: 1054 (42S22): Unknown column 'penalty' in 'payment_billings'

[2026-05-06 17:25:56] ERROR: Atomic Transaction failed - ROLLBACK TRIGGERED | Error: 1060 (42S21): Duplicate column name 'pin'
Traceback:
Traceback (most recent call last):
  File "C:\Users\user\Desktop\MTO\venv\Lib\site-packages\mysql\connector\connection_cext.py", line 772, in cmd_query
    self._cmysql.query(
    ~~~~~~~~~~~~~~~~~~^
        query,
        ^^^^^^
    ...<3 lines>...
        query_attrs=self.query_attrs,
        ^^^^^^^^^^^^^^^^^^^^^^^^^^^^^
    )
    ^
_mysql_connector.MySQLInterfaceError: Duplicate column name 'pin'

The above exception was the direct cause of the following exception:

Traceback (most recent call last):
  File "C:\Users\user\Desktop\MTO\db_manager.py", line 300, in execute_transaction
    result = operation(cur)
  File "C:\Users\user\Desktop\MTO\migration_manager.py", line 32, in transaction
    cur.execute(stmt)
    ~~~~~~~~~~~^^^^^^
  File "C:\Users\user\Desktop\MTO\venv\Lib\site-packages\mysql\connector\cursor_cext.py", line 353, in execute
    self._connection.cmd_query(
    ~~~~~~~~~~~~~~~~~~~~~~~~~~^
        self._stmt_partition["mappable_stmt"],
        ^^^^^^^^^^^^^^^^^^^^^^^^^^^^^^^^^^^^^^
    ...<2 lines>...
        raw_as_string=self._raw_as_string,
        ^^^^^^^^^^^^^^^^^^^^^^^^^^^^^^^^^^
    )
    ^
  File "C:\Users\user\Desktop\MTO\venv\Lib\site-packages\mysql\connector\opentelemetry\context_propagation.py", line 97, in wrapper
    return method(cnx, *args, **kwargs)
  File "C:\Users\user\Desktop\MTO\venv\Lib\site-packages\mysql\connector\connection_cext.py", line 781, in cmd_query
    raise get_mysql_exception(
        err.errno, msg=err.msg, sqlstate=err.sqlstate
    ) from err
mysql.connector.errors.ProgrammingError: 1060 (42S21): Duplicate column name 'pin'

[2026-05-07 07:26:51] ERROR: Atomic Transaction failed - ROLLBACK TRIGGERED | Error: 1060 (42S21): Duplicate column name 'pin'
Traceback:
Traceback (most recent call last):
  File "C:\Users\user\Desktop\MTO\venv\Lib\site-packages\mysql\connector\connection_cext.py", line 772, in cmd_query
    self._cmysql.query(
    ~~~~~~~~~~~~~~~~~~^
        query,
        ^^^^^^
    ...<3 lines>...
        query_attrs=self.query_attrs,
        ^^^^^^^^^^^^^^^^^^^^^^^^^^^^^
    )
    ^
_mysql_connector.MySQLInterfaceError: Duplicate column name 'pin'

The above exception was the direct cause of the following exception:

Traceback (most recent call last):
  File "C:\Users\user\Desktop\MTO\db_manager.py", line 300, in execute_transaction
    result = operation(cur)
  File "C:\Users\user\Desktop\MTO\migration_manager.py", line 32, in transaction
    cur.execute(stmt)
    ~~~~~~~~~~~^^^^^^
  File "C:\Users\user\Desktop\MTO\venv\Lib\site-packages\mysql\connector\cursor_cext.py", line 353, in execute
    self._connection.cmd_query(
    ~~~~~~~~~~~~~~~~~~~~~~~~~~^
        self._stmt_partition["mappable_stmt"],
        ^^^^^^^^^^^^^^^^^^^^^^^^^^^^^^^^^^^^^^
    ...<2 lines>...
        raw_as_string=self._raw_as_string,
        ^^^^^^^^^^^^^^^^^^^^^^^^^^^^^^^^^^
    )
    ^
  File "C:\Users\user\Desktop\MTO\venv\Lib\site-packages\mysql\connector\opentelemetry\context_propagation.py", line 97, in wrapper
    return method(cnx, *args, **kwargs)
  File "C:\Users\user\Desktop\MTO\venv\Lib\site-packages\mysql\connector\connection_cext.py", line 781, in cmd_query
    raise get_mysql_exception(
        err.errno, msg=err.msg, sqlstate=err.sqlstate
    ) from err
mysql.connector.errors.ProgrammingError: 1060 (42S21): Duplicate column name 'pin'

[2026-05-07 07:58:11] ERROR: Atomic Transaction failed - ROLLBACK TRIGGERED | Error: 1060 (42S21): Duplicate column name 'pin'
Traceback:
Traceback (most recent call last):
  File "C:\Users\user\Desktop\MTO\venv\Lib\site-packages\mysql\connector\connection_cext.py", line 772, in cmd_query
    self._cmysql.query(
    ~~~~~~~~~~~~~~~~~~^
        query,
        ^^^^^^
    ...<3 lines>...
        query_attrs=self.query_attrs,
        ^^^^^^^^^^^^^^^^^^^^^^^^^^^^^
    )
    ^
_mysql_connector.MySQLInterfaceError: Duplicate column name 'pin'

The above exception was the direct cause of the following exception:

Traceback (most recent call last):
  File "C:\Users\user\Desktop\MTO\db_manager.py", line 300, in execute_transaction
    result = operation(cur)
  File "C:\Users\user\Desktop\MTO\migration_manager.py", line 32, in transaction
    cur.execute(stmt)
    ~~~~~~~~~~~^^^^^^
  File "C:\Users\user\Desktop\MTO\venv\Lib\site-packages\mysql\connector\cursor_cext.py", line 353, in execute
    self._connection.cmd_query(
    ~~~~~~~~~~~~~~~~~~~~~~~~~~^
        self._stmt_partition["mappable_stmt"],
        ^^^^^^^^^^^^^^^^^^^^^^^^^^^^^^^^^^^^^^
    ...<2 lines>...
        raw_as_string=self._raw_as_string,
        ^^^^^^^^^^^^^^^^^^^^^^^^^^^^^^^^^^
    )
    ^
  File "C:\Users\user\Desktop\MTO\venv\Lib\site-packages\mysql\connector\opentelemetry\context_propagation.py", line 97, in wrapper
    return method(cnx, *args, **kwargs)
  File "C:\Users\user\Desktop\MTO\venv\Lib\site-packages\mysql\connector\connection_cext.py", line 781, in cmd_query
    raise get_mysql_exception(
        err.errno, msg=err.msg, sqlstate=err.sqlstate
    ) from err
mysql.connector.errors.ProgrammingError: 1060 (42S21): Duplicate column name 'pin'

[2026-05-07 08:06:06] ERROR: Atomic Transaction failed - ROLLBACK TRIGGERED | Error: 1060 (42S21): Duplicate column name 'pin'
Traceback:
Traceback (most recent call last):
  File "C:\Users\user\Desktop\MTO\venv\Lib\site-packages\mysql\connector\connection_cext.py", line 772, in cmd_query
    self._cmysql.query(
    ~~~~~~~~~~~~~~~~~~^
        query,
        ^^^^^^
    ...<3 lines>...
        query_attrs=self.query_attrs,
        ^^^^^^^^^^^^^^^^^^^^^^^^^^^^^
    )
    ^
_mysql_connector.MySQLInterfaceError: Duplicate column name 'pin'

The above exception was the direct cause of the following exception:

Traceback (most recent call last):
  File "C:\Users\user\Desktop\MTO\db_manager.py", line 300, in execute_transaction
    result = operation(cur)
  File "C:\Users\user\Desktop\MTO\migration_manager.py", line 32, in transaction
    cur.execute(stmt)
    ~~~~~~~~~~~^^^^^^
  File "C:\Users\user\Desktop\MTO\venv\Lib\site-packages\mysql\connector\cursor_cext.py", line 353, in execute
    self._connection.cmd_query(
    ~~~~~~~~~~~~~~~~~~~~~~~~~~^
        self._stmt_partition["mappable_stmt"],
        ^^^^^^^^^^^^^^^^^^^^^^^^^^^^^^^^^^^^^^
    ...<2 lines>...
        raw_as_string=self._raw_as_string,
        ^^^^^^^^^^^^^^^^^^^^^^^^^^^^^^^^^^
    )
    ^
  File "C:\Users\user\Desktop\MTO\venv\Lib\site-packages\mysql\connector\opentelemetry\context_propagation.py", line 97, in wrapper
    return method(cnx, *args, **kwargs)
  File "C:\Users\user\Desktop\MTO\venv\Lib\site-packages\mysql\connector\connection_cext.py", line 781, in cmd_query
    raise get_mysql_exception(
        err.errno, msg=err.msg, sqlstate=err.sqlstate
    ) from err
mysql.connector.errors.ProgrammingError: 1060 (42S21): Duplicate column name 'pin'

[2026-05-07 08:13:12] ERROR: Atomic Transaction failed - ROLLBACK TRIGGERED | Error: 1060 (42S21): Duplicate column name 'pin'
Traceback:
Traceback (most recent call last):
  File "C:\Users\user\Desktop\MTO\venv\Lib\site-packages\mysql\connector\connection_cext.py", line 772, in cmd_query
    self._cmysql.query(
    ~~~~~~~~~~~~~~~~~~^
        query,
        ^^^^^^
    ...<3 lines>...
        query_attrs=self.query_attrs,
        ^^^^^^^^^^^^^^^^^^^^^^^^^^^^^
    )
    ^
_mysql_connector.MySQLInterfaceError: Duplicate column name 'pin'

The above exception was the direct cause of the following exception:

Traceback (most recent call last):
  File "C:\Users\user\Desktop\MTO\db_manager.py", line 300, in execute_transaction
    result = operation(cur)
  File "C:\Users\user\Desktop\MTO\migration_manager.py", line 32, in transaction
    cur.execute(stmt)
    ~~~~~~~~~~~^^^^^^
  File "C:\Users\user\Desktop\MTO\venv\Lib\site-packages\mysql\connector\cursor_cext.py", line 353, in execute
    self._connection.cmd_query(
    ~~~~~~~~~~~~~~~~~~~~~~~~~~^
        self._stmt_partition["mappable_stmt"],
        ^^^^^^^^^^^^^^^^^^^^^^^^^^^^^^^^^^^^^^
    ...<2 lines>...
        raw_as_string=self._raw_as_string,
        ^^^^^^^^^^^^^^^^^^^^^^^^^^^^^^^^^^
    )
    ^
  File "C:\Users\user\Desktop\MTO\venv\Lib\site-packages\mysql\connector\opentelemetry\context_propagation.py", line 97, in wrapper
    return method(cnx, *args, **kwargs)
  File "C:\Users\user\Desktop\MTO\venv\Lib\site-packages\mysql\connector\connection_cext.py", line 781, in cmd_query
    raise get_mysql_exception(
        err.errno, msg=err.msg, sqlstate=err.sqlstate
    ) from err
mysql.connector.errors.ProgrammingError: 1060 (42S21): Duplicate column name 'pin'

[2026-05-07 08:40:16] ERROR: Atomic Transaction failed - ROLLBACK TRIGGERED | Error: 1060 (42S21): Duplicate column name 'pin'
Traceback:
Traceback (most recent call last):
  File "C:\Users\user\Desktop\MTO\venv\Lib\site-packages\mysql\connector\connection_cext.py", line 772, in cmd_query
    self._cmysql.query(
    ~~~~~~~~~~~~~~~~~~^
        query,
        ^^^^^^
    ...<3 lines>...
        query_attrs=self.query_attrs,
        ^^^^^^^^^^^^^^^^^^^^^^^^^^^^^
    )
    ^
_mysql_connector.MySQLInterfaceError: Duplicate column name 'pin'

The above exception was the direct cause of the following exception:

Traceback (most recent call last):
  File "C:\Users\user\Desktop\MTO\db_manager.py", line 300, in execute_transaction
    result = operation(cur)
  File "C:\Users\user\Desktop\MTO\migration_manager.py", line 32, in transaction
    cur.execute(stmt)
    ~~~~~~~~~~~^^^^^^
  File "C:\Users\user\Desktop\MTO\venv\Lib\site-packages\mysql\connector\cursor_cext.py", line 353, in execute
    self._connection.cmd_query(
    ~~~~~~~~~~~~~~~~~~~~~~~~~~^
        self._stmt_partition["mappable_stmt"],
        ^^^^^^^^^^^^^^^^^^^^^^^^^^^^^^^^^^^^^^
    ...<2 lines>...
        raw_as_string=self._raw_as_string,
        ^^^^^^^^^^^^^^^^^^^^^^^^^^^^^^^^^^
    )
    ^
  File "C:\Users\user\Desktop\MTO\venv\Lib\site-packages\mysql\connector\opentelemetry\context_propagation.py", line 97, in wrapper
    return method(cnx, *args, **kwargs)
  File "C:\Users\user\Desktop\MTO\venv\Lib\site-packages\mysql\connector\connection_cext.py", line 781, in cmd_query
    raise get_mysql_exception(
        err.errno, msg=err.msg, sqlstate=err.sqlstate
    ) from err
mysql.connector.errors.ProgrammingError: 1060 (42S21): Duplicate column name 'pin'

[2026-05-07 09:15:12] ERROR: Atomic Transaction failed - ROLLBACK TRIGGERED | Error: 1060 (42S21): Duplicate column name 'pin'
Traceback:
Traceback (most recent call last):
  File "C:\Users\user\Desktop\MTO\venv\Lib\site-packages\mysql\connector\connection_cext.py", line 772, in cmd_query
    self._cmysql.query(
    ~~~~~~~~~~~~~~~~~~^
        query,
        ^^^^^^
    ...<3 lines>...
        query_attrs=self.query_attrs,
        ^^^^^^^^^^^^^^^^^^^^^^^^^^^^^
    )
    ^
_mysql_connector.MySQLInterfaceError: Duplicate column name 'pin'

The above exception was the direct cause of the following exception:

Traceback (most recent call last):
  File "C:\Users\user\Desktop\MTO\db_manager.py", line 300, in execute_transaction
    result = operation(cur)
  File "C:\Users\user\Desktop\MTO\migration_manager.py", line 32, in transaction
    cur.execute(stmt)
    ~~~~~~~~~~~^^^^^^
  File "C:\Users\user\Desktop\MTO\venv\Lib\site-packages\mysql\connector\cursor_cext.py", line 353, in execute
    self._connection.cmd_query(
    ~~~~~~~~~~~~~~~~~~~~~~~~~~^
        self._stmt_partition["mappable_stmt"],
        ^^^^^^^^^^^^^^^^^^^^^^^^^^^^^^^^^^^^^^
    ...<2 lines>...
        raw_as_string=self._raw_as_string,
        ^^^^^^^^^^^^^^^^^^^^^^^^^^^^^^^^^^
    )
    ^
  File "C:\Users\user\Desktop\MTO\venv\Lib\site-packages\mysql\connector\opentelemetry\context_propagation.py", line 97, in wrapper
    return method(cnx, *args, **kwargs)
  File "C:\Users\user\Desktop\MTO\venv\Lib\site-packages\mysql\connector\connection_cext.py", line 781, in cmd_query
    raise get_mysql_exception(
        err.errno, msg=err.msg, sqlstate=err.sqlstate
    ) from err
mysql.connector.errors.ProgrammingError: 1060 (42S21): Duplicate column name 'pin'

[2026-05-07 09:23:58] ERROR: Atomic Transaction failed - ROLLBACK TRIGGERED | Error: 1060 (42S21): Duplicate column name 'pin'
Traceback:
Traceback (most recent call last):
  File "C:\Users\user\Desktop\MTO\venv\Lib\site-packages\mysql\connector\connection_cext.py", line 772, in cmd_query
    self._cmysql.query(
    ~~~~~~~~~~~~~~~~~~^
        query,
        ^^^^^^
    ...<3 lines>...
        query_attrs=self.query_attrs,
        ^^^^^^^^^^^^^^^^^^^^^^^^^^^^^
    )
    ^
_mysql_connector.MySQLInterfaceError: Duplicate column name 'pin'

The above exception was the direct cause of the following exception:

Traceback (most recent call last):
  File "C:\Users\user\Desktop\MTO\db_manager.py", line 300, in execute_transaction
    result = operation(cur)
  File "C:\Users\user\Desktop\MTO\migration_manager.py", line 32, in transaction
    cur.execute(stmt)
    ~~~~~~~~~~~^^^^^^
  File "C:\Users\user\Desktop\MTO\venv\Lib\site-packages\mysql\connector\cursor_cext.py", line 353, in execute
    self._connection.cmd_query(
    ~~~~~~~~~~~~~~~~~~~~~~~~~~^
        self._stmt_partition["mappable_stmt"],
        ^^^^^^^^^^^^^^^^^^^^^^^^^^^^^^^^^^^^^^
    ...<2 lines>...
        raw_as_string=self._raw_as_string,
        ^^^^^^^^^^^^^^^^^^^^^^^^^^^^^^^^^^
    )
    ^
  File "C:\Users\user\Desktop\MTO\venv\Lib\site-packages\mysql\connector\opentelemetry\context_propagation.py", line 97, in wrapper
    return method(cnx, *args, **kwargs)
  File "C:\Users\user\Desktop\MTO\venv\Lib\site-packages\mysql\connector\connection_cext.py", line 781, in cmd_query
    raise get_mysql_exception(
        err.errno, msg=err.msg, sqlstate=err.sqlstate
    ) from err
mysql.connector.errors.ProgrammingError: 1060 (42S21): Duplicate column name 'pin'

[2026-05-07 13:13:23] ERROR: Atomic Transaction failed - ROLLBACK TRIGGERED | Error: 1060 (42S21): Duplicate column name 'pin'
Traceback:
Traceback (most recent call last):
  File "C:\Users\user\Desktop\MTO\venv\Lib\site-packages\mysql\connector\connection_cext.py", line 772, in cmd_query
    self._cmysql.query(
    ~~~~~~~~~~~~~~~~~~^
        query,
        ^^^^^^
    ...<3 lines>...
        query_attrs=self.query_attrs,
        ^^^^^^^^^^^^^^^^^^^^^^^^^^^^^
    )
    ^
_mysql_connector.MySQLInterfaceError: Duplicate column name 'pin'

The above exception was the direct cause of the following exception:

Traceback (most recent call last):
  File "C:\Users\user\Desktop\MTO\db_manager.py", line 300, in execute_transaction
    result = operation(cur)
  File "C:\Users\user\Desktop\MTO\migration_manager.py", line 32, in transaction
    cur.execute(stmt)
    ~~~~~~~~~~~^^^^^^
  File "C:\Users\user\Desktop\MTO\venv\Lib\site-packages\mysql\connector\cursor_cext.py", line 353, in execute
    self._connection.cmd_query(
    ~~~~~~~~~~~~~~~~~~~~~~~~~~^
        self._stmt_partition["mappable_stmt"],
        ^^^^^^^^^^^^^^^^^^^^^^^^^^^^^^^^^^^^^^
    ...<2 lines>...
        raw_as_string=self._raw_as_string,
        ^^^^^^^^^^^^^^^^^^^^^^^^^^^^^^^^^^
    )
    ^
  File "C:\Users\user\Desktop\MTO\venv\Lib\site-packages\mysql\connector\opentelemetry\context_propagation.py", line 97, in wrapper
    return method(cnx, *args, **kwargs)
  File "C:\Users\user\Desktop\MTO\venv\Lib\site-packages\mysql\connector\connection_cext.py", line 781, in cmd_query
    raise get_mysql_exception(
        err.errno, msg=err.msg, sqlstate=err.sqlstate
    ) from err
mysql.connector.errors.ProgrammingError: 1060 (42S21): Duplicate column name 'pin'

[2026-05-07 13:18:01] ERROR: DEBUG: New Property Created - ID: 15700
[2026-05-07 13:24:08] ERROR: Atomic Transaction failed - ROLLBACK TRIGGERED | Error: 1060 (42S21): Duplicate column name 'pin'
Traceback:
Traceback (most recent call last):
  File "C:\Users\user\Desktop\MTO\venv\Lib\site-packages\mysql\connector\connection_cext.py", line 772, in cmd_query
    self._cmysql.query(
    ~~~~~~~~~~~~~~~~~~^
        query,
        ^^^^^^
    ...<3 lines>...
        query_attrs=self.query_attrs,
        ^^^^^^^^^^^^^^^^^^^^^^^^^^^^^
    )
    ^
_mysql_connector.MySQLInterfaceError: Duplicate column name 'pin'

The above exception was the direct cause of the following exception:

Traceback (most recent call last):
  File "C:\Users\user\Desktop\MTO\db_manager.py", line 300, in execute_transaction
    result = operation(cur)
  File "C:\Users\user\Desktop\MTO\migration_manager.py", line 32, in transaction
    cur.execute(stmt)
    ~~~~~~~~~~~^^^^^^
  File "C:\Users\user\Desktop\MTO\venv\Lib\site-packages\mysql\connector\cursor_cext.py", line 353, in execute
    self._connection.cmd_query(
    ~~~~~~~~~~~~~~~~~~~~~~~~~~^
        self._stmt_partition["mappable_stmt"],
        ^^^^^^^^^^^^^^^^^^^^^^^^^^^^^^^^^^^^^^
    ...<2 lines>...
        raw_as_string=self._raw_as_string,
        ^^^^^^^^^^^^^^^^^^^^^^^^^^^^^^^^^^
    )
    ^
  File "C:\Users\user\Desktop\MTO\venv\Lib\site-packages\mysql\connector\opentelemetry\context_propagation.py", line 97, in wrapper
    return method(cnx, *args, **kwargs)
  File "C:\Users\user\Desktop\MTO\venv\Lib\site-packages\mysql\connector\connection_cext.py", line 781, in cmd_query
    raise get_mysql_exception(
        err.errno, msg=err.msg, sqlstate=err.sqlstate
    ) from err
mysql.connector.errors.ProgrammingError: 1060 (42S21): Duplicate column name 'pin'

[2026-05-07 13:37:41] ERROR: Atomic Transaction failed - ROLLBACK TRIGGERED | Error: 1060 (42S21): Duplicate column name 'pin'
Traceback:
Traceback (most recent call last):
  File "C:\Users\user\Desktop\MTO\venv\Lib\site-packages\mysql\connector\connection_cext.py", line 772, in cmd_query
    self._cmysql.query(
    ~~~~~~~~~~~~~~~~~~^
        query,
        ^^^^^^
    ...<3 lines>...
        query_attrs=self.query_attrs,
        ^^^^^^^^^^^^^^^^^^^^^^^^^^^^^
    )
    ^
_mysql_connector.MySQLInterfaceError: Duplicate column name 'pin'

The above exception was the direct cause of the following exception:

Traceback (most recent call last):
  File "C:\Users\user\Desktop\MTO\db_manager.py", line 300, in execute_transaction
    result = operation(cur)
  File "C:\Users\user\Desktop\MTO\migration_manager.py", line 32, in transaction
    cur.execute(stmt)
    ~~~~~~~~~~~^^^^^^
  File "C:\Users\user\Desktop\MTO\venv\Lib\site-packages\mysql\connector\cursor_cext.py", line 353, in execute
    self._connection.cmd_query(
    ~~~~~~~~~~~~~~~~~~~~~~~~~~^
        self._stmt_partition["mappable_stmt"],
        ^^^^^^^^^^^^^^^^^^^^^^^^^^^^^^^^^^^^^^
    ...<2 lines>...
        raw_as_string=self._raw_as_string,
        ^^^^^^^^^^^^^^^^^^^^^^^^^^^^^^^^^^
    )
    ^
  File "C:\Users\user\Desktop\MTO\venv\Lib\site-packages\mysql\connector\opentelemetry\context_propagation.py", line 97, in wrapper
    return method(cnx, *args, **kwargs)
  File "C:\Users\user\Desktop\MTO\venv\Lib\site-packages\mysql\connector\connection_cext.py", line 781, in cmd_query
    raise get_mysql_exception(
        err.errno, msg=err.msg, sqlstate=err.sqlstate
    ) from err
mysql.connector.errors.ProgrammingError: 1060 (42S21): Duplicate column name 'pin'

[2026-05-07 17:00:23] ERROR: Failed to load side-branding image | Error: [Errno 2] No such file or directory: 'bagongpilipinas.png'
Traceback:
Traceback (most recent call last):
  File "C:\Users\user\Desktop\MTO\main.py", line 60, in __init__
    self.logo_img = ctk.CTkImage(light_image=Image.open("bagongpilipinas.png"),
                                             ~~~~~~~~~~^^^^^^^^^^^^^^^^^^^^^^^
  File "C:\Users\user\Desktop\MTO\venv\Lib\site-packages\PIL\Image.py", line 3635, in open
    fp = builtins.open(filename, "rb")
FileNotFoundError: [Errno 2] No such file or directory: 'bagongpilipinas.png'

{"timestamp": "2026-05-11 16:39:46", "level": "ERROR", "logger": "MTOSystem", "request_id": "SYSTEM", "message": "Failed to initialize SQLAlchemy engine | Error: name 'create_engine' is not defined\nTraceback:\nTraceback (most recent call last):\n  File \"C:\\Users\\user\\Desktop\\MTO\\db_manager.py\", line 225, in _init_pool\n    DB_ENGINE = create_engine(\n                ^^^^^^^^^^^^^\nNameError: name 'create_engine' is not defined\n"}
{"timestamp": "2026-05-11 16:39:52", "level": "INFO", "logger": "MTOSystem", "request_id": "61577322-977f-4ab9-9531-9472161f56ea", "message": "API GET /me completed"}
{"timestamp": "2026-05-11 16:39:52", "level": "INFO", "logger": "MTOSystem", "request_id": "78124cdb-75dd-46d8-aee2-289cf40e46dc", "message": "API POST /system/logs completed"}
{"timestamp": "2026-05-11 16:39:52", "level": "INFO", "logger": "MTOSystem", "request_id": "399cedbd-481a-4de5-9858-4bbe21ddb9b6", "message": "API GET /billing/summary completed"}
{"timestamp": "2026-05-11 16:39:52", "level": "INFO", "logger": "MTOSystem", "request_id": "2cd4a614-3de0-4dbf-acb9-4d214c02558c", "message": "API GET /analytics/trends completed"}
{"timestamp": "2026-05-11 16:39:56", "level": "INFO", "logger": "MTOSystem", "request_id": "066c2b1e-6fa0-4879-bf4e-3797e2484aac", "message": "API GET /billing/summary completed"}
{"timestamp": "2026-05-11 16:39:56", "level": "INFO", "logger": "MTOSystem", "request_id": "301a6798-0017-406f-9e36-dcd2d869abcf", "message": "API GET /analytics/trends completed"}
{"timestamp": "2026-05-11 16:41:25", "level": "INFO", "logger": "MTOSystem", "request_id": "8341d58c-b1ba-4a5d-b2aa-91a92aa6275d", "message": "API GET /analytics/kpis completed"}
{"timestamp": "2026-05-11 16:41:25", "level": "INFO", "logger": "MTOSystem", "request_id": "4965983a-0a7e-4f16-b9b6-deccb4e3b887", "message": "API GET /analytics/trends completed"}
{"timestamp": "2026-05-11 16:41:25", "level": "INFO", "logger": "MTOSystem", "request_id": "08fd4b0e-b0ff-4641-8da9-3b9927e57f8a", "message": "API GET /analytics/barangay-breakdown completed"}
{"timestamp": "2026-05-11 16:41:29", "level": "INFO", "logger": "MTOSystem", "request_id": "8239e870-70e0-48b3-a8b7-cd78b0bc558f", "message": "API GET /analytics/kpis completed"}
{"timestamp": "2026-05-11 16:41:29", "level": "INFO", "logger": "MTOSystem", "request_id": "1f206143-a2bd-4d79-8ce5-065516a754b2", "message": "API GET /analytics/trends completed"}
{"timestamp": "2026-05-11 16:41:29", "level": "INFO", "logger": "MTOSystem", "request_id": "c0dc33f7-ce91-40f9-ae3d-19c08fe83858", "message": "API GET /analytics/barangay-breakdown completed"}
{"timestamp": "2026-05-11 16:41:32", "level": "INFO", "logger": "MTOSystem", "request_id": "3c8d277d-8b73-4895-8433-be4a02c4b7d5", "message": "API GET /properties completed"}
{"timestamp": "2026-05-11 16:41:49", "level": "INFO", "logger": "MTOSystem", "request_id": "067e526a-4005-4889-b3be-c2c3f649dbb3", "message": "API GET /analytics/kpis completed"}
{"timestamp": "2026-05-11 16:41:49", "level": "INFO", "logger": "MTOSystem", "request_id": "bf48a0db-a780-4414-819a-02e0940ce067", "message": "API GET /analytics/trends completed"}
{"timestamp": "2026-05-11 16:41:49", "level": "INFO", "logger": "MTOSystem", "request_id": "c8c0a31c-37ed-4bda-844b-f6a335f25508", "message": "API GET /analytics/barangay-breakdown completed"}
{"timestamp": "2026-05-11 16:49:49", "level": "ERROR", "logger": "MTOSystem", "request_id": "SYSTEM", "message": "Failed to initialize SQLAlchemy engine | Error: name 'create_engine' is not defined\nTraceback:\nTraceback (most recent call last):\n  File \"C:\\Users\\user\\Desktop\\MTO\\db_manager.py\", line 225, in _init_pool\n    DB_ENGINE = create_engine(\n                ^^^^^^^^^^^^^\nNameError: name 'create_engine' is not defined\n"}
{"timestamp": "2026-05-11 16:49:56", "level": "INFO", "logger": "MTOSystem", "request_id": "c033738e-9853-488c-9946-4253e20c22f6", "message": "API GET /me completed"}
{"timestamp": "2026-05-11 16:49:56", "level": "INFO", "logger": "MTOSystem", "request_id": "0a6ccc49-6a5b-459f-9bf6-c39c9d49ce41", "message": "API POST /system/logs completed"}
{"timestamp": "2026-05-11 16:49:56", "level": "INFO", "logger": "MTOSystem", "request_id": "6f15b22c-b960-4dd7-bb0b-3483c24df4ae", "message": "API GET /billing/summary completed"}
{"timestamp": "2026-05-11 16:49:56", "level": "INFO", "logger": "MTOSystem", "request_id": "868ecbaa-d108-4f11-815c-0889ded7dbe7", "message": "API GET /analytics/trends completed"}
{"timestamp": "2026-05-11 16:49:59", "level": "INFO", "logger": "MTOSystem", "request_id": "5954ce07-2b0b-415b-8ad8-0053b20d0911", "message": "API GET /billing/summary completed"}
{"timestamp": "2026-05-11 16:49:59", "level": "INFO", "logger": "MTOSystem", "request_id": "5893071e-aa46-4cad-af60-3b488e6f55bb", "message": "API GET /analytics/trends completed"}
{"timestamp": "2026-05-11 16:50:27", "level": "INFO", "logger": "MTOSystem", "request_id": "7eb6d599-6689-4a18-8f5f-0a362f2fdf32", "message": "API GET /payments/ledger completed"}
{"timestamp": "2026-05-11 16:50:55", "level": "INFO", "logger": "MTOSystem", "request_id": "e73d1449-2ccf-426a-8049-461e5b1ae940", "message": "API GET /analytics/kpis completed"}
{"timestamp": "2026-05-11 16:50:55", "level": "INFO", "logger": "MTOSystem", "request_id": "d7c76e47-6338-46e7-b89d-edf065ffc943", "message": "API GET /analytics/trends completed"}
{"timestamp": "2026-05-11 16:50:55", "level": "INFO", "logger": "MTOSystem", "request_id": "034a64db-65ed-4e0a-a14a-dcb314a32a35", "message": "API GET /analytics/barangay-breakdown completed"}
{"timestamp": "2026-05-11 16:50:57", "level": "INFO", "logger": "MTOSystem", "request_id": "46775dee-1812-4fbd-8e55-e44f2d10d0f9", "message": "API GET /properties completed"}
{"timestamp": "2026-05-11 16:51:13", "level": "INFO", "logger": "MTOSystem", "request_id": "5b6aed4e-14bd-4ff6-874e-d16521e65671", "message": "API GET /analytics/kpis completed"}
{"timestamp": "2026-05-11 16:51:13", "level": "INFO", "logger": "MTOSystem", "request_id": "32fd794e-87ee-417d-817f-2020d580bec6", "message": "API GET /analytics/trends completed"}
{"timestamp": "2026-05-11 16:51:13", "level": "INFO", "logger": "MTOSystem", "request_id": "b543d5c7-603e-4fcf-b2d4-7152844c2ccf", "message": "API GET /analytics/barangay-breakdown completed"}
{"timestamp": "2026-05-11 16:55:50", "level": "ERROR", "logger": "MTOSystem", "request_id": "SYSTEM", "message": "Failed to initialize SQLAlchemy engine | Error: name 'create_engine' is not defined\nTraceback:\nTraceback (most recent call last):\n  File \"C:\\Users\\user\\Desktop\\MTO\\db_manager.py\", line 225, in _init_pool\n    DB_ENGINE = create_engine(\n                ^^^^^^^^^^^^^\nNameError: name 'create_engine' is not defined\n"}
{"timestamp": "2026-05-11 16:55:56", "level": "INFO", "logger": "MTOSystem", "request_id": "7ce25f14-8b63-4450-a905-0502c594cd78", "message": "API GET /me completed"}
{"timestamp": "2026-05-11 16:55:56", "level": "INFO", "logger": "MTOSystem", "request_id": "dace940e-0a98-4e9f-9b8f-5f1b0e054481", "message": "API POST /system/logs completed"}
{"timestamp": "2026-05-11 16:55:56", "level": "INFO", "logger": "MTOSystem", "request_id": "5621a281-8948-4d0f-bc63-772756a99198", "message": "API GET /billing/summary completed"}
{"timestamp": "2026-05-11 16:55:56", "level": "INFO", "logger": "MTOSystem", "request_id": "17b2a550-b039-42b0-b17b-f54a57ff492e", "message": "API GET /analytics/trends completed"}
{"timestamp": "2026-05-11 16:55:58", "level": "INFO", "logger": "MTOSystem", "request_id": "f9fc1ef1-a50f-4dda-97ee-784b5e75f018", "message": "API GET /billing/summary completed"}
{"timestamp": "2026-05-11 16:55:58", "level": "INFO", "logger": "MTOSystem", "request_id": "9d7e0f84-3411-4576-ac23-0f2be51f2216", "message": "API GET /analytics/trends completed"}
{"timestamp": "2026-05-11 16:55:59", "level": "INFO", "logger": "MTOSystem", "request_id": "4d027285-2fc5-4333-8245-ce0d827ed73c", "message": "API GET /properties/barangays completed"}
{"timestamp": "2026-05-11 16:56:04", "level": "INFO", "logger": "MTOSystem", "request_id": "6720376d-379d-4883-91b6-d6bef5a0be52", "message": "API GET /properties completed"}
{"timestamp": "2026-05-11 16:56:19", "level": "INFO", "logger": "MTOSystem", "request_id": "2a6d2c7e-1a1c-4269-a52a-68b3fdcaf00b", "message": "API GET /properties completed"}
{"timestamp": "2026-05-11 16:56:21", "level": "INFO", "logger": "MTOSystem", "request_id": "e5cff732-8ce6-49b8-974c-2601c4b2cc52", "message": "API GET /properties/barangays completed"}
{"timestamp": "2026-05-11 16:56:30", "level": "INFO", "logger": "MTOSystem", "request_id": "ee2e339c-eb83-4777-9ba9-e9971327829e", "message": "API GET /payments/ledger completed"}
{"timestamp": "2026-05-11 16:56:39", "level": "INFO", "logger": "MTOSystem", "request_id": "0f6a840d-6e59-4369-9f6c-0f9ab30b248d", "message": "API GET /billing/report-details completed"}
{"timestamp": "2026-05-11 16:56:45", "level": "INFO", "logger": "MTOSystem", "request_id": "ebffa372-3e2c-4aa3-9e87-11f0c3e9be9f", "message": "API GET /analytics/kpis completed"}
{"timestamp": "2026-05-11 16:56:45", "level": "INFO", "logger": "MTOSystem", "request_id": "78fb6f01-9ec7-4d1e-9325-615b1b5bbbae", "message": "API GET /analytics/trends completed"}
{"timestamp": "2026-05-11 16:56:45", "level": "INFO", "logger": "MTOSystem", "request_id": "4b0f2836-dc89-407f-9c10-fe28563413e2", "message": "API GET /analytics/barangay-breakdown completed"}
{"timestamp": "2026-05-11 16:56:47", "level": "INFO", "logger": "MTOSystem", "request_id": "fa673e24-962e-4672-a12d-cb0a215b8ebd", "message": "API GET /analytics/kpis completed"}
{"timestamp": "2026-05-11 16:56:47", "level": "INFO", "logger": "MTOSystem", "request_id": "72d3e059-0ca5-4e97-8009-84569a3d4ba5", "message": "API GET /analytics/trends completed"}
{"timestamp": "2026-05-11 16:56:47", "level": "INFO", "logger": "MTOSystem", "request_id": "4ecb7835-7268-4194-a988-1eff7029c9c9", "message": "API GET /analytics/barangay-breakdown completed"}
{"timestamp": "2026-05-11 16:57:04", "level": "INFO", "logger": "MTOSystem", "request_id": "85d814d1-7980-4f36-be02-79477b79086c", "message": "API GET /analytics/kpis completed"}
{"timestamp": "2026-05-11 16:57:04", "level": "INFO", "logger": "MTOSystem", "request_id": "d6ecfcdf-4edf-43bc-9463-6d6b28e33a73", "message": "API GET /analytics/trends completed"}
{"timestamp": "2026-05-11 16:57:04", "level": "INFO", "logger": "MTOSystem", "request_id": "ddcc8366-29c8-447d-a426-82bc05af7ca3", "message": "API GET /analytics/barangay-breakdown completed"}
{"timestamp": "2026-05-11 16:57:06", "level": "INFO", "logger": "MTOSystem", "request_id": "6bf05770-a8ad-45c5-9a87-c9e788734a15", "message": "API GET /properties completed"}
{"timestamp": "2026-05-11 16:57:10", "level": "INFO", "logger": "MTOSystem", "request_id": "417791fb-8ee5-45a7-a05b-d5792be96a9d", "message": "API GET /properties completed"}
{"timestamp": "2026-05-11 16:57:12", "level": "INFO", "logger": "MTOSystem", "request_id": "5a9f1008-6866-470b-a66c-aac5a1f2dc9a", "message": "API GET /system/audit-users completed"}
{"timestamp": "2026-05-11 16:57:12", "level": "INFO", "logger": "MTOSystem", "request_id": "8d32a153-8375-4803-9488-a7b86336d9f1", "message": "API GET /system/audit-logs completed"}
{"timestamp": "2026-05-11 16:59:17", "level": "ERROR", "logger": "MTOSystem", "request_id": "SYSTEM", "message": "Failed to initialize SQLAlchemy engine | Error: name 'create_engine' is not defined\nTraceback:\nTraceback (most recent call last):\n  File \"C:\\Users\\user\\Desktop\\MTO\\db_manager.py\", line 225, in _init_pool\n    DB_ENGINE = create_engine(\n                ^^^^^^^^^^^^^\nNameError: name 'create_engine' is not defined\n"}
{"timestamp": "2026-05-11 16:59:37", "level": "ERROR", "logger": "MTOSystem", "request_id": "SYSTEM", "message": "Failed to initialize SQLAlchemy engine | Error: name 'create_engine' is not defined\nTraceback:\nTraceback (most recent call last):\n  File \"C:\\Users\\user\\Desktop\\MTO\\db_manager.py\", line 225, in _init_pool\n    DB_ENGINE = create_engine(\n                ^^^^^^^^^^^^^\nNameError: name 'create_engine' is not defined\n"}
{"timestamp": "2026-05-11 16:59:44", "level": "INFO", "logger": "MTOSystem", "request_id": "131cffac-556b-41d0-90bf-a4741469be4b", "message": "API GET /me completed"}
{"timestamp": "2026-05-11 16:59:44", "level": "INFO", "logger": "MTOSystem", "request_id": "1c01c673-c297-42dd-ae83-cfa2c82b7bf2", "message": "API POST /system/logs completed"}
{"timestamp": "2026-05-11 16:59:44", "level": "INFO", "logger": "MTOSystem", "request_id": "3b9b90c0-dcc1-4301-b015-cd3800a65207", "message": "API GET /billing/summary completed"}
{"timestamp": "2026-05-11 16:59:44", "level": "INFO", "logger": "MTOSystem", "request_id": "b6a38b08-ecbf-46ea-b02a-2b4c4c5b0657", "message": "API GET /analytics/trends completed"}
{"timestamp": "2026-05-11 16:59:46", "level": "INFO", "logger": "MTOSystem", "request_id": "836ca2b0-aa6f-43e9-9df5-271028fe6668", "message": "API GET /users completed"}
{"timestamp": "2026-05-11 16:59:46", "level": "INFO", "logger": "MTOSystem", "request_id": "e0e1cd0a-b8ba-4dc6-93b4-fe978ccc9467", "message": "API GET /system/audit-stats completed"}
{"timestamp": "2026-05-11 16:59:46", "level": "INFO", "logger": "MTOSystem", "request_id": "b7c28509-bea5-447e-a8bb-9165e197c5f1", "message": "API GET /properties/deleted completed"}
{"timestamp": "2026-05-11 16:59:46", "level": "ERROR", "logger": "MTOSystem", "request_id": "1c01c673-c297-42dd-ae83-cfa2c82b7bf2", "message": "Failed to initialize SQLAlchemy engine | Error: name 'create_engine' is not defined\nTraceback:\nTraceback (most recent call last):\n  File \"C:\\Users\\user\\Desktop\\MTO\\db_manager.py\", line 225, in _init_pool\n    DB_ENGINE = create_engine(\n                ^^^^^^^^^^^^^\nNameError: name 'create_engine' is not defined\n"}
{"timestamp": "2026-05-11 16:59:46", "level": "INFO", "logger": "MTOSystem", "request_id": "42044f07-a1b2-40fe-8692-1458ac9ba4bc", "message": "API GET /users completed"}
{"timestamp": "2026-05-11 16:59:46", "level": "INFO", "logger": "MTOSystem", "request_id": "d5955f0b-c067-4d40-a7c7-74ed7081ba4d", "message": "API GET /system/audit-logs completed"}
{"timestamp": "2026-05-11 16:59:56", "level": "INFO", "logger": "MTOSystem", "request_id": "71c3d2bb-a998-4de8-8252-8ca47544d0c9", "message": "API GET /properties/barangays completed"}
{"timestamp": "2026-05-11 16:59:57", "level": "INFO", "logger": "MTOSystem", "request_id": "e4827244-e00c-4ea7-a344-a09f7ea44d1a", "message": "API GET /billing/summary completed"}
{"timestamp": "2026-05-11 16:59:57", "level": "INFO", "logger": "MTOSystem", "request_id": "b052cdae-8797-462e-bee5-a0058f4e0153", "message": "API GET /analytics/trends completed"}
{"timestamp": "2026-05-11 17:02:40", "level": "ERROR", "logger": "MTOSystem", "request_id": "SYSTEM", "message": "Failed to initialize SQLAlchemy engine | Error: name 'create_engine' is not defined\nTraceback:\nTraceback (most recent call last):\n  File \"C:\\Users\\user\\Desktop\\MTO\\db_manager.py\", line 225, in _init_pool\n    DB_ENGINE = create_engine(\n                ^^^^^^^^^^^^^\nNameError: name 'create_engine' is not defined\n"}
{"timestamp": "2026-05-11 17:02:47", "level": "INFO", "logger": "MTOSystem", "request_id": "03ede319-cabd-45ae-b8c7-23f54cb8056b", "message": "API GET /me completed"}
{"timestamp": "2026-05-11 17:02:47", "level": "INFO", "logger": "MTOSystem", "request_id": "62206c0e-e30f-4f5f-8a61-36b398d58302", "message": "API POST /system/logs completed"}
{"timestamp": "2026-05-11 17:02:47", "level": "INFO", "logger": "MTOSystem", "request_id": "8a2cb975-32bc-48d3-b249-7082a1259d48", "message": "API GET /billing/summary completed"}
{"timestamp": "2026-05-11 17:02:47", "level": "INFO", "logger": "MTOSystem", "request_id": "8fcd658e-505b-48d8-971f-e1fbfa4020ac", "message": "API GET /analytics/trends completed"}
{"timestamp": "2026-05-11 17:03:01", "level": "INFO", "logger": "MTOSystem", "request_id": "52677c4d-7a49-4506-b14c-c82ad1de506f", "message": "API GET /billing/summary completed"}
{"timestamp": "2026-05-11 17:03:01", "level": "INFO", "logger": "MTOSystem", "request_id": "852bc134-5692-4e0b-af7f-5ed2fef7baae", "message": "API GET /analytics/trends completed"}
{"timestamp": "2026-05-11 17:03:02", "level": "INFO", "logger": "MTOSystem", "request_id": "2fa5f6eb-a268-49ee-95bb-68341e99106e", "message": "API GET /properties/barangays completed"}
{"timestamp": "2026-05-11 17:03:03", "level": "INFO", "logger": "MTOSystem", "request_id": "1526ee2e-4575-45a9-8573-1bc80a2cc86c", "message": "API GET /analytics/kpis completed"}
{"timestamp": "2026-05-11 17:03:04", "level": "INFO", "logger": "MTOSystem", "request_id": "90397dd1-e6ed-4c77-ba8e-8096647cbc7a", "message": "API GET /analytics/trends completed"}
{"timestamp": "2026-05-11 17:03:04", "level": "INFO", "logger": "MTOSystem", "request_id": "78530053-75ca-4312-aeba-7e9fe8d6e635", "message": "API GET /analytics/barangay-breakdown completed"}
{"timestamp": "2026-05-11 17:03:04", "level": "INFO", "logger": "MTOSystem", "request_id": "0873fb8b-f8cc-4984-945f-b5555d4af267", "message": "API GET /system/audit-users completed"}
{"timestamp": "2026-05-11 17:03:04", "level": "INFO", "logger": "MTOSystem", "request_id": "6caac2e6-09dc-40a6-b682-9b4f91e87d37", "message": "API GET /system/audit-logs completed"}
{"timestamp": "2026-05-11 17:03:05", "level": "INFO", "logger": "MTOSystem", "request_id": "eeb22dd3-0d76-4df2-87fb-8dd301d7e683", "message": "API GET /users completed"}
{"timestamp": "2026-05-11 17:03:05", "level": "INFO", "logger": "MTOSystem", "request_id": "fecf4dbd-0b85-4054-aed2-eb8a6d41d00e", "message": "API GET /system/audit-stats completed"}
{"timestamp": "2026-05-11 17:03:05", "level": "INFO", "logger": "MTOSystem", "request_id": "a003157b-2b46-4901-9d52-0c9beec1c1aa", "message": "API GET /properties/deleted completed"}
{"timestamp": "2026-05-11 17:03:05", "level": "ERROR", "logger": "MTOSystem", "request_id": "62206c0e-e30f-4f5f-8a61-36b398d58302", "message": "Failed to initialize SQLAlchemy engine | Error: name 'create_engine' is not defined\nTraceback:\nTraceback (most recent call last):\n  File \"C:\\Users\\user\\Desktop\\MTO\\db_manager.py\", line 225, in _init_pool\n    DB_ENGINE = create_engine(\n                ^^^^^^^^^^^^^\nNameError: name 'create_engine' is not defined\n"}
{"timestamp": "2026-05-11 17:03:05", "level": "INFO", "logger": "MTOSystem", "request_id": "d89d903a-db95-401c-b6f4-3fe9679c2064", "message": "API GET /users completed"}
{"timestamp": "2026-05-11 17:03:05", "level": "INFO", "logger": "MTOSystem", "request_id": "adce3238-2da9-49ae-8bed-8c50509e8f70", "message": "API GET /system/audit-logs completed"}
{"timestamp": "2026-05-11 17:18:09", "level": "ERROR", "logger": "MTOSystem", "request_id": "SYSTEM", "message": "Failed to initialize SQLAlchemy engine | Error: name 'create_engine' is not defined\nTraceback:\nTraceback (most recent call last):\n  File \"C:\\Users\\user\\Desktop\\MTO\\db_manager.py\", line 225, in _init_pool\n    DB_ENGINE = create_engine(\n                ^^^^^^^^^^^^^\nNameError: name 'create_engine' is not defined\n"}
{"timestamp": "2026-05-11 17:18:19", "level": "INFO", "logger": "MTOSystem", "request_id": "17791f1f-a2d2-4544-91af-4a2ee223e00f", "message": "API GET /me completed"}
{"timestamp": "2026-05-11 17:18:19", "level": "INFO", "logger": "MTOSystem", "request_id": "c18cd2b8-e05b-4a66-8c57-52ad5c40ac3c", "message": "API POST /system/logs completed"}
{"timestamp": "2026-05-11 17:18:19", "level": "INFO", "logger": "MTOSystem", "request_id": "def3b11d-1890-4d9a-bbf6-1ed794d6b9ad", "message": "API GET /billing/summary completed"}
{"timestamp": "2026-05-11 17:18:19", "level": "INFO", "logger": "MTOSystem", "request_id": "5cfaa2c3-29b4-44ee-837d-deafc4e01922", "message": "API GET /analytics/trends completed"}
{"timestamp": "2026-05-11 17:18:24", "level": "INFO", "logger": "MTOSystem", "request_id": "c54478c3-a163-4bf1-8ee4-fdbcf73078b1", "message": "API GET /billing/summary completed"}
{"timestamp": "2026-05-11 17:18:24", "level": "INFO", "logger": "MTOSystem", "request_id": "d625c525-5041-4c76-b226-6b0bde5b37ed", "message": "API GET /analytics/trends completed"}
{"timestamp": "2026-05-11 17:18:27", "level": "INFO", "logger": "MTOSystem", "request_id": "ad40c172-b860-420b-a08f-81cd0c548f4f", "message": "API GET /billing/summary completed"}
{"timestamp": "2026-05-11 17:18:28", "level": "INFO", "logger": "MTOSystem", "request_id": "b822bd93-4e88-4400-97cb-e8cea9350bc8", "message": "API GET /analytics/trends completed"}
{"timestamp": "2026-05-11 17:18:29", "level": "INFO", "logger": "MTOSystem", "request_id": "584c3e22-1abb-400a-8a53-562a1844875b", "message": "API GET /billing/summary completed"}
{"timestamp": "2026-05-11 17:18:29", "level": "INFO", "logger": "MTOSystem", "request_id": "48cd6aa4-cb37-4d82-a620-f64053c87780", "message": "API GET /analytics/trends completed"}
{"timestamp": "2026-05-11 17:18:45", "level": "INFO", "logger": "MTOSystem", "request_id": "f31c7798-0e85-4153-8944-79aa5bae58c7", "message": "API GET /billing/summary completed"}
{"timestamp": "2026-05-11 17:18:45", "level": "INFO", "logger": "MTOSystem", "request_id": "0ab613d1-01cb-4c14-af6c-245292057851", "message": "API GET /analytics/trends completed"}
{"timestamp": "2026-05-11 17:18:48", "level": "INFO", "logger": "MTOSystem", "request_id": "cfa46055-3a11-4cb7-8096-f66efbe964dc", "message": "API GET /users completed"}
{"timestamp": "2026-05-11 17:18:48", "level": "INFO", "logger": "MTOSystem", "request_id": "72712e59-e627-4033-9017-2939594f3168", "message": "API GET /system/audit-stats completed"}
{"timestamp": "2026-05-11 17:18:48", "level": "INFO", "logger": "MTOSystem", "request_id": "5a44f7b7-82c6-4ef1-bfe6-03bcaa453ec5", "message": "API GET /properties/deleted completed"}
{"timestamp": "2026-05-11 17:18:48", "level": "ERROR", "logger": "MTOSystem", "request_id": "c18cd2b8-e05b-4a66-8c57-52ad5c40ac3c", "message": "Failed to initialize SQLAlchemy engine | Error: name 'create_engine' is not defined\nTraceback:\nTraceback (most recent call last):\n  File \"C:\\Users\\user\\Desktop\\MTO\\db_manager.py\", line 225, in _init_pool\n    DB_ENGINE = create_engine(\n                ^^^^^^^^^^^^^\nNameError: name 'create_engine' is not defined\n"}
{"timestamp": "2026-05-11 17:18:48", "level": "INFO", "logger": "MTOSystem", "request_id": "e4e7237f-66a7-4f3b-9a49-51b2d47e5426", "message": "API GET /users completed"}
{"timestamp": "2026-05-11 17:18:48", "level": "INFO", "logger": "MTOSystem", "request_id": "d69a06e4-cc2f-412c-9ec5-216eb2e026ad", "message": "API GET /system/audit-logs completed"}
{"timestamp": "2026-05-11 17:18:49", "level": "INFO", "logger": "MTOSystem", "request_id": "931d4f9c-2fdc-492f-9c41-021469538957", "message": "API GET /system/audit-users completed"}
{"timestamp": "2026-05-11 17:18:49", "level": "INFO", "logger": "MTOSystem", "request_id": "5ba92522-f6bd-4e3b-b4a3-b723bbbcd401", "message": "API GET /system/audit-logs completed"}
{"timestamp": "2026-05-11 17:19:04", "level": "ERROR", "logger": "MTOSystem", "request_id": "SYSTEM", "message": "Failed to initialize SQLAlchemy engine | Error: name 'create_engine' is not defined\nTraceback:\nTraceback (most recent call last):\n  File \"C:\\Users\\user\\Desktop\\MTO\\db_manager.py\", line 225, in _init_pool\n    DB_ENGINE = create_engine(\n                ^^^^^^^^^^^^^\nNameError: name 'create_engine' is not defined\n"}
{"timestamp": "2026-05-11 17:19:10", "level": "INFO", "logger": "MTOSystem", "request_id": "d4bfe178-09af-449b-afa4-f2f494e4c3de", "message": "API GET /me completed"}
{"timestamp": "2026-05-11 17:19:10", "level": "INFO", "logger": "MTOSystem", "request_id": "ed647a2d-028c-41cd-a7fa-328264bfc28e", "message": "API POST /system/logs completed"}
{"timestamp": "2026-05-11 17:19:10", "level": "INFO", "logger": "MTOSystem", "request_id": "6fecfeb9-749e-4118-9498-32f2f644afb3", "message": "API GET /billing/summary completed"}
{"timestamp": "2026-05-11 17:19:10", "level": "INFO", "logger": "MTOSystem", "request_id": "bcd0403a-253b-41f4-8bc8-31130b39fba1", "message": "API GET /analytics/trends completed"}
{"timestamp": "2026-05-11 17:19:12", "level": "INFO", "logger": "MTOSystem", "request_id": "3c42c1f9-b1b7-4cfe-b565-061a4e8629a8", "message": "API GET /properties/barangays completed"}
{"timestamp": "2026-05-12 08:41:17", "level": "ERROR", "logger": "MTOSystem", "request_id": "SYSTEM", "message": "Failed to initialize SQLAlchemy engine | Error: name 'create_engine' is not defined\nTraceback:\nTraceback (most recent call last):\n  File \"C:\\Users\\user\\Desktop\\MTO\\db_manager.py\", line 225, in _init_pool\n    DB_ENGINE = create_engine(\n                ^^^^^^^^^^^^^\nNameError: name 'create_engine' is not defined\n"}
{"timestamp": "2026-05-12 08:41:24", "level": "INFO", "logger": "MTOSystem", "request_id": "9c0b3523-41ee-44a9-b373-3a444aa37cf4", "message": "API GET /me completed"}
{"timestamp": "2026-05-12 08:41:24", "level": "INFO", "logger": "MTOSystem", "request_id": "dc5dd099-3698-47fc-a43c-5ddd1141acdc", "message": "API POST /system/logs completed"}
{"timestamp": "2026-05-12 08:41:24", "level": "INFO", "logger": "MTOSystem", "request_id": "25a5fd4c-ab9b-42ad-99ae-b85016bb5307", "message": "API GET /billing/summary completed"}
{"timestamp": "2026-05-12 08:41:24", "level": "INFO", "logger": "MTOSystem", "request_id": "07d4483f-0929-4e82-851c-cd73c41e38fb", "message": "API GET /analytics/trends completed"}
{"timestamp": "2026-05-12 08:41:27", "level": "INFO", "logger": "MTOSystem", "request_id": "ef8e61cb-0afd-4d0b-a1d9-7fd906f2b58c", "message": "API GET /properties/barangays completed"}
{"timestamp": "2026-05-12 08:41:43", "level": "INFO", "logger": "MTOSystem", "request_id": "a517bfab-54a0-4422-b0df-9d670fd7aaee", "message": "API GET /properties completed"}
{"timestamp": "2026-05-12 08:41:46", "level": "INFO", "logger": "MTOSystem", "request_id": "958e3fdd-f84e-4869-afc3-b20ff45b272b", "message": "API GET /properties/barangays completed"}
{"timestamp": "2026-05-12 08:41:52", "level": "INFO", "logger": "MTOSystem", "request_id": "0ac985d3-b762-46f2-bef4-35cba60137c3", "message": "API GET /properties completed"}
{"timestamp": "2026-05-12 08:43:04", "level": "INFO", "logger": "MTOSystem", "request_id": "0def5e31-7d90-499b-963f-d6edc26c569f", "message": "API GET /properties/dossier/06-0004-01008 completed"}
{"timestamp": "2026-05-12 08:43:43", "level": "INFO", "logger": "MTOSystem", "request_id": "9548368e-75b6-40cd-a5fe-dbbaa2224099", "message": "API GET /properties completed"}
{"timestamp": "2026-05-12 08:43:48", "level": "INFO", "logger": "MTOSystem", "request_id": "f8ce4a28-08e0-4ba6-ad3a-d3c94fc960e5", "message": "API GET /properties completed"}
{"timestamp": "2026-05-12 08:44:45", "level": "INFO", "logger": "MTOSystem", "request_id": "45fdbf5f-98ee-44af-80a5-50402fb48213", "message": "API GET /properties completed"}
{"timestamp": "2026-05-12 08:44:55", "level": "INFO", "logger": "MTOSystem", "request_id": "2413e679-80b6-4bc6-9eb0-f324d7aae947", "message": "API GET /properties completed"}
{"timestamp": "2026-05-12 08:45:00", "level": "INFO", "logger": "MTOSystem", "request_id": "395aa338-9864-4b54-85a5-20014b0659f9", "message": "API GET /properties completed"}
{"timestamp": "2026-05-12 08:45:22", "level": "INFO", "logger": "MTOSystem", "request_id": "65569c3f-a8dd-4ae1-b650-450d48a89a50", "message": "API GET /properties completed"}
{"timestamp": "2026-05-12 09:05:06", "level": "ERROR", "logger": "MTOSystem", "request_id": "SYSTEM", "message": "Failed to initialize SQLAlchemy engine | Error: name 'create_engine' is not defined\nTraceback:\nTraceback (most recent call last):\n  File \"C:\\Users\\user\\Desktop\\MTO\\db_manager.py\", line 225, in _init_pool\n    DB_ENGINE = create_engine(\n                ^^^^^^^^^^^^^\nNameError: name 'create_engine' is not defined\n"}
{"timestamp": "2026-05-12 09:05:11", "level": "INFO", "logger": "MTOSystem", "request_id": "203a1eb3-b33d-458d-b5f7-206a62ea9440", "message": "API GET /me completed"}
{"timestamp": "2026-05-12 09:05:11", "level": "INFO", "logger": "MTOSystem", "request_id": "56d31279-0b87-49ff-b77f-f089bb03b937", "message": "API POST /system/logs completed"}
{"timestamp": "2026-05-12 09:05:11", "level": "INFO", "logger": "MTOSystem", "request_id": "49471ba5-4077-4c9a-9909-2cba2b137834", "message": "API GET /billing/summary completed"}
{"timestamp": "2026-05-12 09:05:11", "level": "INFO", "logger": "MTOSystem", "request_id": "d0b58210-47d8-49e1-9368-15770be138ff", "message": "API GET /analytics/trends completed"}
{"timestamp": "2026-05-12 09:05:13", "level": "INFO", "logger": "MTOSystem", "request_id": "03e9c400-68e3-4b49-acd7-aca78b4175ba", "message": "API GET /properties/barangays completed"}
{"timestamp": "2026-05-12 09:05:42", "level": "INFO", "logger": "MTOSystem", "request_id": "e63053f1-ac3c-42ca-a1b3-baeed4b5d4b2", "message": "API GET /properties completed"}
{"timestamp": "2026-05-12 09:05:55", "level": "INFO", "logger": "MTOSystem", "request_id": "abce4789-845a-46e7-8614-29c025053f07", "message": "API GET /analytics/kpis completed"}
{"timestamp": "2026-05-12 09:05:55", "level": "INFO", "logger": "MTOSystem", "request_id": "3f2953b9-0b26-40ee-b02e-03433c1d1248", "message": "API GET /analytics/trends completed"}
{"timestamp": "2026-05-12 09:05:55", "level": "INFO", "logger": "MTOSystem", "request_id": "755cb4e9-9d88-484f-aed2-11dc779120b2", "message": "API GET /analytics/barangay-breakdown completed"}
{"timestamp": "2026-05-12 09:06:24", "level": "INFO", "logger": "MTOSystem", "request_id": "04ebecaf-1c83-4be9-880a-47fdbda5597d", "message": "API GET /analytics/kpis completed"}
{"timestamp": "2026-05-12 09:06:24", "level": "INFO", "logger": "MTOSystem", "request_id": "514321e1-1d9e-4be3-89bb-4a7097b9c1dc", "message": "API GET /analytics/trends completed"}
{"timestamp": "2026-05-12 09:06:24", "level": "INFO", "logger": "MTOSystem", "request_id": "37cdf1ff-aad3-405c-a318-c4002b1b283a", "message": "API GET /analytics/barangay-breakdown completed"}
{"timestamp": "2026-05-12 09:13:23", "level": "ERROR", "logger": "MTOSystem", "request_id": "SYSTEM", "message": "Failed to initialize SQLAlchemy engine | Error: name 'create_engine' is not defined\nTraceback:\nTraceback (most recent call last):\n  File \"C:\\Users\\user\\Desktop\\MTO\\db_manager.py\", line 225, in _init_pool\n    DB_ENGINE = create_engine(\n                ^^^^^^^^^^^^^\nNameError: name 'create_engine' is not defined\n"}
{"timestamp": "2026-05-12 09:13:30", "level": "INFO", "logger": "MTOSystem", "request_id": "6affee2e-95e8-4d2e-b51a-034afc1f7a8e", "message": "API GET /me completed"}
{"timestamp": "2026-05-12 09:13:30", "level": "INFO", "logger": "MTOSystem", "request_id": "d149d65a-373c-4687-9d0e-16dc9017e8cb", "message": "API POST /system/logs completed"}
{"timestamp": "2026-05-12 09:13:30", "level": "INFO", "logger": "MTOSystem", "request_id": "fe15c91a-029f-41a6-89e5-11faec0fec42", "message": "API GET /billing/summary completed"}
{"timestamp": "2026-05-12 09:13:30", "level": "INFO", "logger": "MTOSystem", "request_id": "3a53569c-32fb-46b0-a315-d7bd870a7f1c", "message": "API GET /analytics/trends completed"}
{"timestamp": "2026-05-12 09:13:34", "level": "INFO", "logger": "MTOSystem", "request_id": "f921fbc8-d9c8-4646-a224-e275a354c313", "message": "API GET /system/audit-users completed"}
{"timestamp": "2026-05-12 09:13:34", "level": "INFO", "logger": "MTOSystem", "request_id": "a6e53bfb-4283-441d-b097-a07682d505bd", "message": "API GET /system/audit-logs completed"}
{"timestamp": "2026-05-12 09:13:35", "level": "INFO", "logger": "MTOSystem", "request_id": "50babbd1-f639-49c3-b9ab-19089486640e", "message": "API GET /users completed"}
{"timestamp": "2026-05-12 09:13:35", "level": "INFO", "logger": "MTOSystem", "request_id": "b72423a8-4c12-403e-bf62-c54ac3d818a2", "message": "API GET /system/audit-stats completed"}
{"timestamp": "2026-05-12 09:13:35", "level": "INFO", "logger": "MTOSystem", "request_id": "1346edc5-b229-4c39-bbc0-e4fee77a8688", "message": "API GET /properties/deleted completed"}
{"timestamp": "2026-05-12 09:13:35", "level": "INFO", "logger": "MTOSystem", "request_id": "92a990f4-1e68-43a8-a8e7-cd3bfdbb4c13", "message": "API GET /users completed"}
{"timestamp": "2026-05-12 09:13:35", "level": "INFO", "logger": "MTOSystem", "request_id": "798bc57d-c4b6-41e9-afb3-e24c4d441580", "message": "API GET /system/audit-logs completed"}
{"timestamp": "2026-05-12 09:13:37", "level": "INFO", "logger": "MTOSystem", "request_id": "d5162cd6-efd9-423d-a4ed-162826364e9a", "message": "API GET /system/audit-logs completed"}
{"timestamp": "2026-05-12 09:13:37", "level": "INFO", "logger": "MTOSystem", "request_id": "17038c5d-b433-4e9c-974a-48d775a952a6", "message": "API GET /system/audit-users completed"}
{"timestamp": "2026-05-12 09:13:39", "level": "INFO", "logger": "MTOSystem", "request_id": "d1b8f4f6-2502-40a8-9a41-9b703c4cb2fa", "message": "API GET /analytics/kpis completed"}
{"timestamp": "2026-05-12 09:13:39", "level": "INFO", "logger": "MTOSystem", "request_id": "177dc251-1239-4dde-bf1f-10fcc1254f7f", "message": "API GET /analytics/trends completed"}
{"timestamp": "2026-05-12 09:13:39", "level": "INFO", "logger": "MTOSystem", "request_id": "4cd39da3-bd06-49d7-a784-a6d08057808c", "message": "API GET /analytics/barangay-breakdown completed"}
{"timestamp": "2026-05-12 09:14:10", "level": "INFO", "logger": "MTOSystem", "request_id": "a6cfa36f-0158-41db-84a3-7ba08b7d8c73", "message": "API GET /billing/summary completed"}
{"timestamp": "2026-05-12 09:14:10", "level": "INFO", "logger": "MTOSystem", "request_id": "c7021c52-e60d-47c7-a4c8-52b9ec7d38b6", "message": "API GET /analytics/trends completed"}
{"timestamp": "2026-05-12 09:14:30", "level": "INFO", "logger": "MTOSystem", "request_id": "8a608384-c445-4351-88b9-d60a43573f11", "message": "API GET /billing/summary completed"}
{"timestamp": "2026-05-12 09:14:30", "level": "INFO", "logger": "MTOSystem", "request_id": "6117e379-c59b-44ab-b635-2c17d40cf46c", "message": "API GET /analytics/trends completed"}
{"timestamp": "2026-05-12 09:14:33", "level": "INFO", "logger": "MTOSystem", "request_id": "4459169f-7970-48ab-9bda-7aa55dc71d6a", "message": "API GET /billing/summary completed"}
{"timestamp": "2026-05-12 09:14:33", "level": "INFO", "logger": "MTOSystem", "request_id": "04fefd6c-bad1-4448-94fe-72d75be839ab", "message": "API GET /analytics/trends completed"}
{"timestamp": "2026-05-12 09:14:41", "level": "INFO", "logger": "MTOSystem", "request_id": "e367ebf4-5725-44dd-840f-61a3388e8971", "message": "API GET /billing/summary completed"}
{"timestamp": "2026-05-12 09:14:42", "level": "INFO", "logger": "MTOSystem", "request_id": "6a706505-5fc6-4e1c-8a64-2c67fff2884c", "message": "API GET /analytics/trends completed"}
{"timestamp": "2026-05-12 09:14:43", "level": "INFO", "logger": "MTOSystem", "request_id": "5536bd59-3198-4163-9de4-f042830d8db1", "message": "API GET /billing/summary completed"}
{"timestamp": "2026-05-12 09:14:43", "level": "INFO", "logger": "MTOSystem", "request_id": "8e1ccb7a-ac6a-4fbc-989c-1478143edf40", "message": "API GET /analytics/trends completed"}
{"timestamp": "2026-05-12 09:14:45", "level": "INFO", "logger": "MTOSystem", "request_id": "041bc193-c6b8-4fc2-a0bb-4b17667ce7c9", "message": "API GET /billing/summary completed"}
{"timestamp": "2026-05-12 09:14:45", "level": "INFO", "logger": "MTOSystem", "request_id": "16136edd-5d6a-4f21-a56b-2eb56200f373", "message": "API GET /analytics/trends completed"}
{"timestamp": "2026-05-12 09:14:52", "level": "INFO", "logger": "MTOSystem", "request_id": "50dbf4da-2f7d-428d-8808-2ffc3537580a", "message": "API GET /users completed"}
{"timestamp": "2026-05-12 09:14:52", "level": "INFO", "logger": "MTOSystem", "request_id": "71f8f56d-12cd-46b8-82b7-d4eba49fea5a", "message": "API GET /system/audit-stats completed"}
{"timestamp": "2026-05-12 09:14:52", "level": "INFO", "logger": "MTOSystem", "request_id": "81702669-9eac-403d-88ec-f150cf3e1350", "message": "API GET /properties/deleted completed"}
{"timestamp": "2026-05-12 09:14:52", "level": "INFO", "logger": "MTOSystem", "request_id": "dc63c0c1-36b0-4386-bb5a-895bd144e9eb", "message": "API GET /users completed"}
{"timestamp": "2026-05-12 09:14:52", "level": "INFO", "logger": "MTOSystem", "request_id": "e736eef7-779e-4473-95bb-3cecf341fab2", "message": "API GET /system/audit-logs completed"}
{"timestamp": "2026-05-12 09:15:02", "level": "INFO", "logger": "MTOSystem", "request_id": "f961fe38-af25-4e94-851f-fbe0e16c3fb8", "message": "API POST /system/backup/trigger completed"}
{"timestamp": "2026-05-12 09:24:34", "level": "ERROR", "logger": "MTOSystem", "request_id": "SYSTEM", "message": "Failed to initialize SQLAlchemy engine | Error: name 'create_engine' is not defined\nTraceback:\nTraceback (most recent call last):\n  File \"C:\\Users\\user\\Desktop\\MTO\\db_manager.py\", line 225, in _init_pool\n    DB_ENGINE = create_engine(\n                ^^^^^^^^^^^^^\nNameError: name 'create_engine' is not defined\n"}
{"timestamp": "2026-05-12 09:24:43", "level": "INFO", "logger": "MTOSystem", "request_id": "cf5f1603-8a7d-4c25-b74f-848c8431a3eb", "message": "API GET /me completed"}
{"timestamp": "2026-05-12 09:24:43", "level": "INFO", "logger": "MTOSystem", "request_id": "2dfcb68d-079b-48da-952c-909bbd9ec606", "message": "API POST /system/logs completed"}
{"timestamp": "2026-05-12 09:24:44", "level": "INFO", "logger": "MTOSystem", "request_id": "c3e90406-29f9-4b4d-9bdd-c85715985362", "message": "API GET /billing/summary completed"}
{"timestamp": "2026-05-12 09:24:44", "level": "INFO", "logger": "MTOSystem", "request_id": "63256db7-b06b-4867-9ed8-79152d221397", "message": "API GET /analytics/trends completed"}
{"timestamp": "2026-05-12 09:25:24", "level": "INFO", "logger": "MTOSystem", "request_id": "a181c0d9-59d7-4d8d-888b-da5aec51bbdf", "message": "API GET /properties/barangays completed"}
{"timestamp": "2026-05-12 09:25:30", "level": "INFO", "logger": "MTOSystem", "request_id": "5ec2b6c6-8292-4bf2-818f-aba2e2befead", "message": "API GET /properties completed"}
{"timestamp": "2026-05-12 09:25:32", "level": "INFO", "logger": "MTOSystem", "request_id": "65500050-cfe8-41cb-8f21-113212e1fb29", "message": "API GET /properties/dossier/06-0025-00218 completed"}
{"timestamp": "2026-05-12 09:25:40", "level": "INFO", "logger": "MTOSystem", "request_id": "f7fa9582-890e-4d23-ba3d-05fdb77704e7", "message": "API GET /properties/dossier/06-0024-00010 completed"}
{"timestamp": "2026-05-12 09:25:46", "level": "INFO", "logger": "MTOSystem", "request_id": "cd6277a1-be06-45af-88f6-69ca918c5a79", "message": "API GET /properties/dossier/06-0024-00007 completed"}
{"timestamp": "2026-05-12 09:26:00", "level": "INFO", "logger": "MTOSystem", "request_id": "35e21c19-c4e0-444e-8067-35528875ade8", "message": "API GET /properties completed"}
{"timestamp": "2026-05-12 09:27:36", "level": "INFO", "logger": "MTOSystem", "request_id": "683dc6e0-817c-4b54-bdeb-31c78b9cf723", "message": "API GET /properties completed"}
{"timestamp": "2026-05-12 09:27:49", "level": "INFO", "logger": "MTOSystem", "request_id": "8e7bc031-fe24-4ce4-a707-f5f45e19b283", "message": "API GET /properties/dossier/06-0015-00159 completed"}
{"timestamp": "2026-05-12 09:27:53", "level": "INFO", "logger": "MTOSystem", "request_id": "45791b89-1021-4ae8-9770-8638fe0194f4", "message": "API GET /properties/dossier/06-0015-00158 completed"}
{"timestamp": "2026-05-12 09:28:58", "level": "INFO", "logger": "MTOSystem", "request_id": "c40c172f-6cb0-4026-af95-0e3a76d97f04", "message": "API GET /users completed"}
{"timestamp": "2026-05-12 09:28:58", "level": "INFO", "logger": "MTOSystem", "request_id": "f00ce552-6e14-4d87-9b2c-4578683362b1", "message": "API GET /system/audit-stats completed"}
{"timestamp": "2026-05-12 09:28:58", "level": "INFO", "logger": "MTOSystem", "request_id": "886f4071-8c57-4d1b-93df-4c994c226eb7", "message": "API GET /properties/deleted completed"}
{"timestamp": "2026-05-12 09:28:58", "level": "ERROR", "logger": "MTOSystem", "request_id": "2dfcb68d-079b-48da-952c-909bbd9ec606", "message": "Failed to initialize SQLAlchemy engine | Error: name 'create_engine' is not defined\nTraceback:\nTraceback (most recent call last):\n  File \"C:\\Users\\user\\Desktop\\MTO\\db_manager.py\", line 225, in _init_pool\n    DB_ENGINE = create_engine(\n                ^^^^^^^^^^^^^\nNameError: name 'create_engine' is not defined\n"}
{"timestamp": "2026-05-12 09:28:58", "level": "INFO", "logger": "MTOSystem", "request_id": "70ea8cba-9aea-4f1a-8e4c-1f8624093c0d", "message": "API GET /users completed"}
{"timestamp": "2026-05-12 09:28:58", "level": "INFO", "logger": "MTOSystem", "request_id": "b8da944a-2a40-444f-b9d3-3f03640aa0c0", "message": "API GET /system/audit-logs completed"}
{"timestamp": "2026-05-12 09:29:00", "level": "INFO", "logger": "MTOSystem", "request_id": "8e340735-fd59-456e-8db5-0be4064befd0", "message": "API GET /system/audit-users completed"}
{"timestamp": "2026-05-12 09:29:00", "level": "INFO", "logger": "MTOSystem", "request_id": "b1a587f0-c5bb-461e-8062-5eba2b69c03a", "message": "API GET /system/audit-logs completed"}
{"timestamp": "2026-05-12 09:29:01", "level": "INFO", "logger": "MTOSystem", "request_id": "2b2a5a43-f017-4c76-b9a7-50fc473fb58b", "message": "API GET /users completed"}
{"timestamp": "2026-05-12 09:29:01", "level": "INFO", "logger": "MTOSystem", "request_id": "9cf9df24-8c6e-4676-9f87-99952c88f4b5", "message": "API GET /system/audit-stats completed"}
{"timestamp": "2026-05-12 09:29:01", "level": "INFO", "logger": "MTOSystem", "request_id": "ae3bf2e9-ad42-4627-8204-4709d320da5f", "message": "API GET /properties/deleted completed"}
{"timestamp": "2026-05-12 09:29:01", "level": "INFO", "logger": "MTOSystem", "request_id": "5075a6e3-e9f3-4570-b930-6d11777e4832", "message": "API GET /users completed"}
{"timestamp": "2026-05-12 09:29:01", "level": "INFO", "logger": "MTOSystem", "request_id": "a6186769-5c2f-4829-bde6-f483fb30680c", "message": "API GET /system/audit-logs completed"}
{"timestamp": "2026-05-12 10:02:13", "level": "ERROR", "logger": "MTOSystem", "request_id": "SYSTEM", "message": "Failed to initialize SQLAlchemy engine | Error: name 'create_engine' is not defined\nTraceback:\nTraceback (most recent call last):\n  File \"C:\\Users\\user\\Desktop\\MTO\\db_manager.py\", line 225, in _init_pool\n    DB_ENGINE = create_engine(\n                ^^^^^^^^^^^^^\nNameError: name 'create_engine' is not defined\n"}
{"timestamp": "2026-05-12 10:02:25", "level": "INFO", "logger": "MTOSystem", "request_id": "d11d9d16-3dcf-46bf-9151-d9ca5385dcce", "message": "API GET /me completed"}
{"timestamp": "2026-05-12 10:02:25", "level": "INFO", "logger": "MTOSystem", "request_id": "43be72cc-ad59-46a7-a95b-344fb42c9f4b", "message": "API POST /system/logs completed"}
{"timestamp": "2026-05-12 10:02:25", "level": "INFO", "logger": "MTOSystem", "request_id": "91e38a8d-41b2-40cc-a00f-5d3f3ef7504e", "message": "API GET /billing/summary completed"}
{"timestamp": "2026-05-12 10:02:25", "level": "INFO", "logger": "MTOSystem", "request_id": "94d5c3aa-f2a9-450f-a512-e74e525cccae", "message": "API GET /analytics/trends completed"}
{"timestamp": "2026-05-12 10:02:27", "level": "INFO", "logger": "MTOSystem", "request_id": "74d91520-c4ad-483b-8193-eb4cb1c13565", "message": "API GET /properties/barangays completed"}
{"timestamp": "2026-05-12 10:02:33", "level": "INFO", "logger": "MTOSystem", "request_id": "4b4eaf39-b6ee-40a2-bd74-eb9a9887b685", "message": "API GET /properties completed"}
{"timestamp": "2026-05-12 10:02:40", "level": "INFO", "logger": "MTOSystem", "request_id": "56c49a8e-0c9b-4263-a157-844e0d1884dd", "message": "API GET /properties/barangays completed"}
{"timestamp": "2026-05-12 10:02:43", "level": "INFO", "logger": "MTOSystem", "request_id": "b1060eaa-ef36-4d75-aaaa-71031d96fe61", "message": "API GET /properties completed"}
{"timestamp": "2026-05-12 10:03:26", "level": "INFO", "logger": "MTOSystem", "request_id": "d1eae7f7-2c30-4e33-9dc8-df40cf8b05d2", "message": "API GET /properties completed"}
{"timestamp": "2026-05-12 10:57:20", "level": "ERROR", "logger": "MTOSystem", "request_id": "SYSTEM", "message": "Failed to initialize SQLAlchemy engine | Error: name 'create_engine' is not defined\nTraceback:\nTraceback (most recent call last):\n  File \"C:\\Users\\user\\Desktop\\MTO\\db_manager.py\", line 225, in _init_pool\n    DB_ENGINE = create_engine(\n                ^^^^^^^^^^^^^\nNameError: name 'create_engine' is not defined\n"}
{"timestamp": "2026-05-12 10:57:25", "level": "INFO", "logger": "MTOSystem", "request_id": "0360fd9e-96d0-4881-a16c-2a054ace613d", "message": "API GET /me completed"}
{"timestamp": "2026-05-12 10:57:25", "level": "INFO", "logger": "MTOSystem", "request_id": "eaa98346-a765-410f-8897-b1b114e1979b", "message": "API POST /system/logs completed"}
{"timestamp": "2026-05-12 10:57:26", "level": "INFO", "logger": "MTOSystem", "request_id": "258edb12-0d95-4a92-8824-2983afd822fc", "message": "API GET /billing/summary completed"}
{"timestamp": "2026-05-12 10:57:26", "level": "INFO", "logger": "MTOSystem", "request_id": "b8cc3819-af76-40da-b6a9-1d76a1723e9b", "message": "API GET /analytics/trends completed"}
{"timestamp": "2026-05-12 10:57:28", "level": "INFO", "logger": "MTOSystem", "request_id": "1604c956-e0fa-4c37-986b-f152a45b1139", "message": "API GET /properties/barangays completed"}
{"timestamp": "2026-05-12 10:57:29", "level": "INFO", "logger": "MTOSystem", "request_id": "f9072e4f-b296-453f-9d47-d7223f9f2e25", "message": "API GET /billing/summary completed"}
{"timestamp": "2026-05-12 10:57:29", "level": "INFO", "logger": "MTOSystem", "request_id": "5ae1e794-14d4-4810-8ce1-95828103b7f2", "message": "API GET /analytics/trends completed"}
{"timestamp": "2026-05-12 10:57:38", "level": "INFO", "logger": "MTOSystem", "request_id": "d055a851-bdbf-4e2c-b1c9-cd7f1f075906", "message": "API GET /properties/barangays completed"}
{"timestamp": "2026-05-12 10:57:44", "level": "INFO", "logger": "MTOSystem", "request_id": "a1dc4766-6938-4dbc-b483-0ea04d63fa2b", "message": "API GET /properties completed"}
{"timestamp": "2026-05-12 10:58:23", "level": "INFO", "logger": "MTOSystem", "request_id": "e4efab99-7d9e-450c-87e2-cce0a80be87a", "message": "API GET /analytics/kpis completed"}
{"timestamp": "2026-05-12 10:58:23", "level": "INFO", "logger": "MTOSystem", "request_id": "ed17c5c3-bd50-4045-bb8e-d242b12c8b94", "message": "API GET /analytics/trends completed"}
{"timestamp": "2026-05-12 10:58:23", "level": "INFO", "logger": "MTOSystem", "request_id": "b727e373-586d-4315-96bc-bc9b3c4e8b22", "message": "API GET /analytics/barangay-breakdown completed"}
{"timestamp": "2026-05-12 10:58:27", "level": "INFO", "logger": "MTOSystem", "request_id": "5a6ea2f5-7b19-483f-9e12-cba00195d3e8", "message": "API GET /properties completed"}
{"timestamp": "2026-05-12 10:58:30", "level": "INFO", "logger": "MTOSystem", "request_id": "d5fe64b9-cd29-45b3-ae88-a0f5fef12729", "message": "API GET /users completed"}
{"timestamp": "2026-05-12 10:58:30", "level": "INFO", "logger": "MTOSystem", "request_id": "2a0b4bf3-4502-4fbe-bd6b-a28446c71966", "message": "API GET /system/audit-stats completed"}
{"timestamp": "2026-05-12 10:58:30", "level": "INFO", "logger": "MTOSystem", "request_id": "7c90a4c4-95d1-41c4-9322-e7cb56fdbf11", "message": "API GET /properties/deleted completed"}
{"timestamp": "2026-05-12 10:58:30", "level": "ERROR", "logger": "MTOSystem", "request_id": "eaa98346-a765-410f-8897-b1b114e1979b", "message": "Failed to initialize SQLAlchemy engine | Error: name 'create_engine' is not defined\nTraceback:\nTraceback (most recent call last):\n  File \"C:\\Users\\user\\Desktop\\MTO\\db_manager.py\", line 225, in _init_pool\n    DB_ENGINE = create_engine(\n                ^^^^^^^^^^^^^\nNameError: name 'create_engine' is not defined\n"}
{"timestamp": "2026-05-12 10:58:30", "level": "INFO", "logger": "MTOSystem", "request_id": "6064bfc6-7870-4534-96b6-120d39e43b1e", "message": "API GET /users completed"}
{"timestamp": "2026-05-12 10:58:30", "level": "INFO", "logger": "MTOSystem", "request_id": "a55bc6a5-922d-4a1e-a59e-8f492cbe8de7", "message": "API GET /system/audit-logs completed"}
{"timestamp": "2026-05-12 11:43:18", "level": "ERROR", "logger": "MTOSystem", "request_id": "SYSTEM", "message": "Database connection error in db_query | Error: Database configuration incomplete. Missing: host, user, database | Details: ALTER TABLE properties ADD COLUMN version INT DEFAULT 1"}
{"timestamp": "2026-05-12 11:43:18", "level": "ERROR", "logger": "MTOSystem", "request_id": "SYSTEM", "message": "Database connection error in db_query | Error: Database configuration incomplete. Missing: host, user, database | Details: ALTER TABLE properties ADD COLUMN updated_at TIMESTAMP DEFAULT CURRENT_TIMESTAMP ON UPDATE CURRENT_TIMESTAMP"}
{"timestamp": "2026-05-12 13:06:16", "level": "ERROR", "logger": "MTOSystem", "request_id": "SYSTEM", "message": "Failed to initialize SQLAlchemy engine | Error: name 'create_engine' is not defined\nTraceback:\nTraceback (most recent call last):\n  File \"C:\\Users\\user\\Desktop\\MTO\\db_manager.py\", line 225, in _init_pool\n    DB_ENGINE = create_engine(\n                ^^^^^^^^^^^^^\nNameError: name 'create_engine' is not defined\n"}
{"timestamp": "2026-05-12 13:06:22", "level": "INFO", "logger": "MTOSystem", "request_id": "fd988143-2a79-443b-833f-6bb7bd00b603", "message": "API GET /me completed"}
{"timestamp": "2026-05-12 13:06:22", "level": "INFO", "logger": "MTOSystem", "request_id": "667dbed2-f888-404f-8403-90502a1a2cad", "message": "API POST /system/logs completed"}
{"timestamp": "2026-05-12 13:06:23", "level": "INFO", "logger": "MTOSystem", "request_id": "11eeded6-a28a-4ee7-8c08-d44450483b0f", "message": "API GET /billing/summary completed"}
{"timestamp": "2026-05-12 13:06:23", "level": "INFO", "logger": "MTOSystem", "request_id": "3e55020b-3d1d-4f1e-b010-eafe4807b72d", "message": "API GET /analytics/trends completed"}
{"timestamp": "2026-05-12 13:06:29", "level": "INFO", "logger": "MTOSystem", "request_id": "2c8ad77d-6dbb-4fbc-beb1-55ca1712b167", "message": "API GET /properties/barangays completed"}
{"timestamp": "2026-05-12 13:06:40", "level": "INFO", "logger": "MTOSystem", "request_id": "f1ac5164-8331-486f-8e30-c1d735a8b432", "message": "API GET /billing/report-details completed"}
{"timestamp": "2026-05-12 13:06:43", "level": "INFO", "logger": "MTOSystem", "request_id": "adc7e0d9-2236-4f16-bf1c-ac784ec89bb6", "message": "API GET /billing/receivables-summary completed"}
{"timestamp": "2026-05-12 13:06:47", "level": "INFO", "logger": "MTOSystem", "request_id": "20b01552-ce84-41b4-b2d2-87e34f2251e0", "message": "API GET /billing/receivables-summary completed"}
{"timestamp": "2026-05-12 13:06:49", "level": "INFO", "logger": "MTOSystem", "request_id": "f757fbc1-fd06-464b-ba3d-9256b7f0d854", "message": "API GET /reports/receivables-by-barangay completed"}
{"timestamp": "2026-05-12 13:06:57", "level": "INFO", "logger": "MTOSystem", "request_id": "f1c192dc-2965-4b19-80f7-504b1fe38e81", "message": "API GET /analytics/kpis completed"}
{"timestamp": "2026-05-12 13:06:57", "level": "INFO", "logger": "MTOSystem", "request_id": "761ce79e-7a99-4089-89bf-5b40cb8262f8", "message": "API GET /analytics/trends completed"}
{"timestamp": "2026-05-12 13:06:57", "level": "INFO", "logger": "MTOSystem", "request_id": "d9e1557d-43f8-4879-b894-b51a63a26ef7", "message": "API GET /analytics/barangay-breakdown completed"}
{"timestamp": "2026-05-12 13:07:17", "level": "INFO", "logger": "MTOSystem", "request_id": "1e347b5e-44c3-4c9c-a20c-fa22e9ce8355", "message": "API GET /analytics/kpis completed"}
{"timestamp": "2026-05-12 13:07:17", "level": "INFO", "logger": "MTOSystem", "request_id": "3edbe49c-2d7f-4a7b-b01e-c6dd8c9afa9e", "message": "API GET /analytics/trends completed"}
{"timestamp": "2026-05-12 13:07:17", "level": "INFO", "logger": "MTOSystem", "request_id": "6982da55-49a0-43a2-a010-5d765a8241d8", "message": "API GET /analytics/barangay-breakdown completed"}
{"timestamp": "2026-05-12 13:07:20", "level": "INFO", "logger": "MTOSystem", "request_id": "072dfeaa-6360-40c4-b2eb-86fcecd6bf65", "message": "API GET /analytics/kpis completed"}
{"timestamp": "2026-05-12 13:07:20", "level": "INFO", "logger": "MTOSystem", "request_id": "3d17d1f3-0d5c-42c2-bf60-2198e44d6e41", "message": "API GET /analytics/trends completed"}
{"timestamp": "2026-05-12 13:07:20", "level": "INFO", "logger": "MTOSystem", "request_id": "4981c0a4-fb57-4d6f-b3fd-3b89d6c65b56", "message": "API GET /analytics/barangay-breakdown completed"}
{"timestamp": "2026-05-12 13:07:52", "level": "INFO", "logger": "MTOSystem", "request_id": "3c5d0f67-9381-423e-b64a-e5b08e7c58c4", "message": "API GET /system/audit-users completed"}
{"timestamp": "2026-05-12 13:07:52", "level": "INFO", "logger": "MTOSystem", "request_id": "c1580041-fcee-4f2a-bdb3-f91e085c583f", "message": "API GET /system/audit-logs completed"}
{"timestamp": "2026-05-12 13:07:55", "level": "INFO", "logger": "MTOSystem", "request_id": "04a03cec-aa18-4d66-959d-912d71f477bd", "message": "API GET /users completed"}
{"timestamp": "2026-05-12 13:07:55", "level": "INFO", "logger": "MTOSystem", "request_id": "66b54cde-bbd6-4456-ace3-d9f1cb5e074d", "message": "API GET /system/audit-stats completed"}
{"timestamp": "2026-05-12 13:07:55", "level": "INFO", "logger": "MTOSystem", "request_id": "9fabb213-d0c7-45d0-9296-bdf4a641e816", "message": "API GET /properties/deleted completed"}
{"timestamp": "2026-05-12 13:07:55", "level": "ERROR", "logger": "MTOSystem", "request_id": "667dbed2-f888-404f-8403-90502a1a2cad", "message": "Failed to initialize SQLAlchemy engine | Error: name 'create_engine' is not defined\nTraceback:\nTraceback (most recent call last):\n  File \"C:\\Users\\user\\Desktop\\MTO\\db_manager.py\", line 225, in _init_pool\n    DB_ENGINE = create_engine(\n                ^^^^^^^^^^^^^\nNameError: name 'create_engine' is not defined\n"}
{"timestamp": "2026-05-12 13:07:55", "level": "INFO", "logger": "MTOSystem", "request_id": "ef170e24-45b9-4831-91e5-021d64518904", "message": "API GET /users completed"}
{"timestamp": "2026-05-12 13:07:55", "level": "INFO", "logger": "MTOSystem", "request_id": "eaae10c2-f155-4825-8e0e-3eddb68a0ae8", "message": "API GET /system/audit-logs completed"}
{"timestamp": "2026-05-12 13:08:31", "level": "ERROR", "logger": "MTOSystem", "request_id": "SYSTEM", "message": "Failed to initialize SQLAlchemy engine | Error: name 'create_engine' is not defined\nTraceback:\nTraceback (most recent call last):\n  File \"C:\\Users\\user\\Desktop\\MTO\\db_manager.py\", line 225, in _init_pool\n    DB_ENGINE = create_engine(\n                ^^^^^^^^^^^^^\nNameError: name 'create_engine' is not defined\n"}
{"timestamp": "2026-05-12 13:08:37", "level": "INFO", "logger": "MTOSystem", "request_id": "d1118aa1-ccfc-4d2b-abff-d0c5d553b7be", "message": "API GET /me completed"}
{"timestamp": "2026-05-12 13:08:37", "level": "INFO", "logger": "MTOSystem", "request_id": "0899ff76-b50a-45fa-a07f-55173d91a426", "message": "API POST /system/logs completed"}
{"timestamp": "2026-05-12 13:08:37", "level": "INFO", "logger": "MTOSystem", "request_id": "7e60def0-545c-4d8d-a272-e09a5e47ad8d", "message": "API GET /billing/summary completed"}
{"timestamp": "2026-05-12 13:08:37", "level": "INFO", "logger": "MTOSystem", "request_id": "2adfab91-b244-42a9-abc1-a2dd635013da", "message": "API GET /analytics/trends completed"}
{"timestamp": "2026-05-12 13:08:38", "level": "INFO", "logger": "MTOSystem", "request_id": "8fdb2acd-93e4-48a9-9e51-8d3c1b174d2d", "message": "API GET /users completed"}
{"timestamp": "2026-05-12 13:08:38", "level": "INFO", "logger": "MTOSystem", "request_id": "b5be8dfa-77ef-4846-843e-ea6c855e9925", "message": "API GET /system/audit-stats completed"}
{"timestamp": "2026-05-12 13:08:38", "level": "INFO", "logger": "MTOSystem", "request_id": "da773244-64bf-4924-aaa2-9daa7f1ebabf", "message": "API GET /properties/deleted completed"}
{"timestamp": "2026-05-12 13:08:38", "level": "ERROR", "logger": "MTOSystem", "request_id": "0899ff76-b50a-45fa-a07f-55173d91a426", "message": "Failed to initialize SQLAlchemy engine | Error: name 'create_engine' is not defined\nTraceback:\nTraceback (most recent call last):\n  File \"C:\\Users\\user\\Desktop\\MTO\\db_manager.py\", line 225, in _init_pool\n    DB_ENGINE = create_engine(\n                ^^^^^^^^^^^^^\nNameError: name 'create_engine' is not defined\n"}
{"timestamp": "2026-05-12 13:08:38", "level": "INFO", "logger": "MTOSystem", "request_id": "4a2fc972-d1ea-4576-8ce1-de2ca574c532", "message": "API GET /users completed"}
{"timestamp": "2026-05-12 13:08:39", "level": "INFO", "logger": "MTOSystem", "request_id": "2304428c-434e-49d4-a741-a0bff526c9cc", "message": "API GET /system/audit-logs completed"}
{"timestamp": "2026-05-12 13:08:42", "level": "INFO", "logger": "MTOSystem", "request_id": "960c4488-9012-4277-b79f-d13f5183147a", "message": "API GET /properties completed"}
{"timestamp": "2026-05-12 13:09:03", "level": "INFO", "logger": "MTOSystem", "request_id": "1db2135f-82dd-4297-8a94-0e0b0d50a080", "message": "API GET /billing/summary completed"}
{"timestamp": "2026-05-12 13:09:03", "level": "INFO", "logger": "MTOSystem", "request_id": "3ab1e729-7390-4672-ad39-707856efee9f", "message": "API GET /analytics/trends completed"}
{"timestamp": "2026-05-12 13:09:08", "level": "INFO", "logger": "MTOSystem", "request_id": "0ceff7dd-0593-4756-9068-3147be778be4", "message": "API GET /billing/summary completed"}
{"timestamp": "2026-05-12 13:09:08", "level": "INFO", "logger": "MTOSystem", "request_id": "11f846ae-601b-4d79-a366-a371b2aee369", "message": "API GET /analytics/trends completed"}
{"timestamp": "2026-05-12 13:09:14", "level": "INFO", "logger": "MTOSystem", "request_id": "edde0bab-b793-47ff-be25-e32ab3b1906a", "message": "API GET /billing/summary completed"}
{"timestamp": "2026-05-12 13:09:14", "level": "INFO", "logger": "MTOSystem", "request_id": "4e341c17-a248-40d9-99c1-cd189f798c63", "message": "API GET /analytics/trends completed"}
{"timestamp": "2026-05-12 13:09:17", "level": "INFO", "logger": "MTOSystem", "request_id": "5f45c6e7-cc8d-44f0-ac9b-2e2e167dbda8", "message": "API GET /properties/barangays completed"}
{"timestamp": "2026-05-12 13:09:19", "level": "INFO", "logger": "MTOSystem", "request_id": "be5b088d-abb2-4fdf-9d20-78eb14e50c52", "message": "API GET /users completed"}
{"timestamp": "2026-05-12 13:09:19", "level": "INFO", "logger": "MTOSystem", "request_id": "eab4e0aa-a5e7-456f-b97f-3ffb9f0d0202", "message": "API GET /system/audit-stats completed"}
{"timestamp": "2026-05-12 13:09:19", "level": "INFO", "logger": "MTOSystem", "request_id": "e6ea746c-625d-4aab-bfdf-ae243c1a3d04", "message": "API GET /properties/deleted completed"}
{"timestamp": "2026-05-12 13:09:19", "level": "INFO", "logger": "MTOSystem", "request_id": "25f7c28a-f851-4334-b607-24e2cd076488", "message": "API GET /users completed"}
{"timestamp": "2026-05-12 13:09:20", "level": "INFO", "logger": "MTOSystem", "request_id": "34ef317d-c722-4c68-a8e1-e02124f1eb6f", "message": "API GET /system/audit-logs completed"}
{"timestamp": "2026-05-12 13:09:22", "level": "ERROR", "logger": "MTOSystem", "request_id": "8eb0b238-7d9d-4bc9-a9d6-c41498773941", "message": "Hybrid Backup Orchestrator Error | Error: Cannot run the event loop while another loop is running\nTraceback:\nTraceback (most recent call last):\n  File \"C:\\Users\\user\\Desktop\\MTO\\backend\\services\\backup_service.py\", line 101, in run_hybrid_backup\n    loop.run_until_complete(report_progress(1, 10, \"Creating local SQL dump...\"))\n    ~~~~~~~~~~~~~~~~~~~~~~~^^^^^^^^^^^^^^^^^^^^^^^^^^^^^^^^^^^^^^^^^^^^^^^^^^^^^^\n  File \"C:\\Program Files\\Python314\\Lib\\asyncio\\base_events.py\", line 695, in run_until_complete\n    self._check_running()\n    ~~~~~~~~~~~~~~~~~~~^^\n  File \"C:\\Program Files\\Python314\\Lib\\asyncio\\base_events.py\", line 633, in _check_running\n    raise RuntimeError(\n        'Cannot run the event loop while another loop is running')\nRuntimeError: Cannot run the event loop while another loop is running\n"}
{"timestamp": "2026-05-12 13:09:22", "level": "INFO", "logger": "MTOSystem", "request_id": "2a098d33-79aa-4f5c-a11f-fed445343c73", "message": "API POST /system/backup/trigger completed"}
{"timestamp": "2026-05-12 13:09:27", "level": "INFO", "logger": "MTOSystem", "request_id": "3bda03a8-3585-4417-a458-fbe4191060b4", "message": "API GET /billing/summary completed"}
{"timestamp": "2026-05-12 13:09:27", "level": "INFO", "logger": "MTOSystem", "request_id": "cc71fcf4-a9e9-4140-8276-bd9661032bee", "message": "API GET /analytics/trends completed"}
{"timestamp": "2026-05-12 13:09:31", "level": "INFO", "logger": "MTOSystem", "request_id": "dc7a9e9f-3469-4d1d-a620-8b847063f73e", "message": "API POST /system/backup/trigger completed"}
{"timestamp": "2026-05-12 13:11:37", "level": "ERROR", "logger": "MTOSystem", "request_id": "SYSTEM", "message": "Failed to initialize SQLAlchemy engine | Error: name 'create_engine' is not defined\nTraceback:\nTraceback (most recent call last):\n  File \"C:\\Users\\user\\Desktop\\MTO\\db_manager.py\", line 225, in _init_pool\n    DB_ENGINE = create_engine(\n                ^^^^^^^^^^^^^\nNameError: name 'create_engine' is not defined\n"}
{"timestamp": "2026-05-12 13:11:44", "level": "INFO", "logger": "MTOSystem", "request_id": "46a7b556-5203-4ad9-a8f0-c95fa0682380", "message": "API GET /me completed"}
{"timestamp": "2026-05-12 13:11:44", "level": "INFO", "logger": "MTOSystem", "request_id": "0970cecc-c048-49ec-b72b-2cf95e8deba4", "message": "API POST /system/logs completed"}
{"timestamp": "2026-05-12 13:11:44", "level": "INFO", "logger": "MTOSystem", "request_id": "67b312ec-aafb-42e3-8dbf-bb8ab761a9bf", "message": "API GET /billing/summary completed"}
{"timestamp": "2026-05-12 13:11:44", "level": "INFO", "logger": "MTOSystem", "request_id": "df489e0d-0922-4dd1-8f5c-33e59db30a42", "message": "API GET /analytics/trends completed"}
{"timestamp": "2026-05-12 13:11:46", "level": "ERROR", "logger": "MTOSystem", "request_id": "26e3e785-cee0-489c-9322-ffb4f91c5b50", "message": "Hybrid Backup Orchestrator Error | Error: Cannot run the event loop while another loop is running\nTraceback:\nTraceback (most recent call last):\n  File \"C:\\Users\\user\\Desktop\\MTO\\backend\\services\\backup_service.py\", line 101, in run_hybrid_backup\n    loop.run_until_complete(report_progress(1, 10, \"Creating local SQL dump...\"))\n    ~~~~~~~~~~~~~~~~~~~~~~~^^^^^^^^^^^^^^^^^^^^^^^^^^^^^^^^^^^^^^^^^^^^^^^^^^^^^^\n  File \"C:\\Program Files\\Python314\\Lib\\asyncio\\base_events.py\", line 695, in run_until_complete\n    self._check_running()\n    ~~~~~~~~~~~~~~~~~~~^^\n  File \"C:\\Program Files\\Python314\\Lib\\asyncio\\base_events.py\", line 633, in _check_running\n    raise RuntimeError(\n        'Cannot run the event loop while another loop is running')\nRuntimeError: Cannot run the event loop while another loop is running\n"}
{"timestamp": "2026-05-12 13:11:46", "level": "INFO", "logger": "MTOSystem", "request_id": "e09def70-ce70-4ded-be91-a295e1496784", "message": "API POST /system/backup/trigger completed"}
{"timestamp": "2026-05-12 13:11:47", "level": "INFO", "logger": "MTOSystem", "request_id": "7cb204d5-d0be-4ef6-ab68-7fdaeaf82fa5", "message": "API GET /billing/summary completed"}
{"timestamp": "2026-05-12 13:11:47", "level": "INFO", "logger": "MTOSystem", "request_id": "26256a2b-fcfc-42e4-a220-2aa08483efba", "message": "API GET /analytics/trends completed"}
{"timestamp": "2026-05-12 13:12:08", "level": "ERROR", "logger": "MTOSystem", "request_id": "d9418a5e-1e0f-4876-918a-deedfff5b6ed", "message": "Hybrid Backup Orchestrator Error | Error: Cannot run the event loop while another loop is running\nTraceback:\nTraceback (most recent call last):\n  File \"C:\\Users\\user\\Desktop\\MTO\\backend\\services\\backup_service.py\", line 101, in run_hybrid_backup\n    loop.run_until_complete(report_progress(1, 10, \"Creating local SQL dump...\"))\n    ~~~~~~~~~~~~~~~~~~~~~~~^^^^^^^^^^^^^^^^^^^^^^^^^^^^^^^^^^^^^^^^^^^^^^^^^^^^^^\n  File \"C:\\Program Files\\Python314\\Lib\\asyncio\\base_events.py\", line 695, in run_until_complete\n    self._check_running()\n    ~~~~~~~~~~~~~~~~~~~^^\n  File \"C:\\Program Files\\Python314\\Lib\\asyncio\\base_events.py\", line 633, in _check_running\n    raise RuntimeError(\n        'Cannot run the event loop while another loop is running')\nRuntimeError: Cannot run the event loop while another loop is running\n"}
{"timestamp": "2026-05-12 13:12:08", "level": "INFO", "logger": "MTOSystem", "request_id": "bfa92dfe-f2ef-4ac3-9d53-e4e7edb6e2e5", "message": "API POST /system/backup/trigger completed"}
{"timestamp": "2026-05-12 13:12:09", "level": "INFO", "logger": "MTOSystem", "request_id": "1ec8bc8c-eb48-46fc-8858-614e61fd961f", "message": "API GET /billing/summary completed"}
{"timestamp": "2026-05-12 13:12:09", "level": "INFO", "logger": "MTOSystem", "request_id": "b5d9d652-f7d8-42ec-9ca1-7bb852d8e132", "message": "API GET /analytics/trends completed"}
{"timestamp": "2026-05-12 13:12:14", "level": "INFO", "logger": "MTOSystem", "request_id": "427db0e5-e9d3-4a1a-a6c4-a888e1838988", "message": "API GET /users completed"}
{"timestamp": "2026-05-12 13:12:14", "level": "INFO", "logger": "MTOSystem", "request_id": "b36dbc21-b721-4ab2-986b-ba05381f82b8", "message": "API GET /system/audit-stats completed"}
{"timestamp": "2026-05-12 13:12:14", "level": "INFO", "logger": "MTOSystem", "request_id": "8935176c-7ccf-4daf-8a85-44636df5ea8f", "message": "API GET /properties/deleted completed"}
{"timestamp": "2026-05-12 13:12:14", "level": "ERROR", "logger": "MTOSystem", "request_id": "bfa92dfe-f2ef-4ac3-9d53-e4e7edb6e2e5", "message": "Failed to initialize SQLAlchemy engine | Error: name 'create_engine' is not defined\nTraceback:\nTraceback (most recent call last):\n  File \"C:\\Users\\user\\Desktop\\MTO\\db_manager.py\", line 225, in _init_pool\n    DB_ENGINE = create_engine(\n                ^^^^^^^^^^^^^\nNameError: name 'create_engine' is not defined\n"}
{"timestamp": "2026-05-12 13:12:14", "level": "INFO", "logger": "MTOSystem", "request_id": "dfc209f0-1a28-4775-bc7e-975c7f7e5075", "message": "API GET /users completed"}
{"timestamp": "2026-05-12 13:12:14", "level": "INFO", "logger": "MTOSystem", "request_id": "4ac6f10d-ce88-47a1-bc25-65cda283e732", "message": "API GET /system/audit-logs completed"}
{"timestamp": "2026-05-12 13:12:18", "level": "ERROR", "logger": "MTOSystem", "request_id": "77178510-d3c0-49c6-9e29-aa83fea8b769", "message": "Hybrid Backup Orchestrator Error | Error: Cannot run the event loop while another loop is running\nTraceback:\nTraceback (most recent call last):\n  File \"C:\\Users\\user\\Desktop\\MTO\\backend\\services\\backup_service.py\", line 101, in run_hybrid_backup\n    loop.run_until_complete(report_progress(1, 10, \"Creating local SQL dump...\"))\n    ~~~~~~~~~~~~~~~~~~~~~~~^^^^^^^^^^^^^^^^^^^^^^^^^^^^^^^^^^^^^^^^^^^^^^^^^^^^^^\n  File \"C:\\Program Files\\Python314\\Lib\\asyncio\\base_events.py\", line 695, in run_until_complete\n    self._check_running()\n    ~~~~~~~~~~~~~~~~~~~^^\n  File \"C:\\Program Files\\Python314\\Lib\\asyncio\\base_events.py\", line 633, in _check_running\n    raise RuntimeError(\n        'Cannot run the event loop while another loop is running')\nRuntimeError: Cannot run the event loop while another loop is running\n"}
{"timestamp": "2026-05-12 13:12:18", "level": "INFO", "logger": "MTOSystem", "request_id": "90c8ebba-edcf-4131-bf07-57259716d675", "message": "API POST /system/backup/trigger completed"}
{"timestamp": "2026-05-12 13:41:15", "level": "ERROR", "logger": "MTOSystem", "request_id": "SYSTEM", "message": "Failed to initialize SQLAlchemy engine | Error: name 'create_engine' is not defined\nTraceback:\nTraceback (most recent call last):\n  File \"C:\\Users\\user\\Desktop\\MTO\\db_manager.py\", line 225, in _init_pool\n    DB_ENGINE = create_engine(\n                ^^^^^^^^^^^^^\nNameError: name 'create_engine' is not defined\n"}
{"timestamp": "2026-05-12 13:41:15", "level": "ERROR", "logger": "MTOSystem", "request_id": "SYSTEM", "message": "Atomic Transaction failed - ROLLBACK TRIGGERED | Error: 1061 (42000): Duplicate key name 'idx_properties_owner_name'\nTraceback:\nTraceback (most recent call last):\n  File \"C:\\Users\\user\\Desktop\\MTO\\venv\\Lib\\site-packages\\mysql\\connector\\connection_cext.py\", line 772, in cmd_query\n    self._cmysql.query(\n    ~~~~~~~~~~~~~~~~~~^\n        query,\n        ^^^^^^\n    ...<3 lines>...\n        query_attrs=self.query_attrs,\n        ^^^^^^^^^^^^^^^^^^^^^^^^^^^^^\n    )\n    ^\n_mysql_connector.MySQLInterfaceError: Duplicate key name 'idx_properties_owner_name'\n\nThe above exception was the direct cause of the following exception:\n\nTraceback (most recent call last):\n  File \"C:\\Users\\user\\Desktop\\MTO\\db_manager.py\", line 452, in execute_transaction\n    result = operation(cur)\n  File \"C:\\Users\\user\\Desktop\\MTO\\migration_manager.py\", line 38, in transaction\n    cur.execute(stmt)\n    ~~~~~~~~~~~^^^^^^\n  File \"C:\\Users\\user\\Desktop\\MTO\\venv\\Lib\\site-packages\\mysql\\connector\\cursor_cext.py\", line 353, in execute\n    self._connection.cmd_query(\n    ~~~~~~~~~~~~~~~~~~~~~~~~~~^\n        self._stmt_partition[\"mappable_stmt\"],\n        ^^^^^^^^^^^^^^^^^^^^^^^^^^^^^^^^^^^^^^\n    ...<2 lines>...\n        raw_as_string=self._raw_as_string,\n        ^^^^^^^^^^^^^^^^^^^^^^^^^^^^^^^^^^\n    )\n    ^\n  File \"C:\\Users\\user\\Desktop\\MTO\\venv\\Lib\\site-packages\\mysql\\connector\\opentelemetry\\context_propagation.py\", line 97, in wrapper\n    return method(cnx, *args, **kwargs)\n  File \"C:\\Users\\user\\Desktop\\MTO\\venv\\Lib\\site-packages\\mysql\\connector\\connection_cext.py\", line 781, in cmd_query\n    raise get_mysql_exception(\n        err.errno, msg=err.msg, sqlstate=err.sqlstate\n    ) from err\nmysql.connector.errors.ProgrammingError: 1061 (42000): Duplicate key name 'idx_properties_owner_name'\n"}
{"timestamp": "2026-05-12 13:41:17", "level": "ERROR", "logger": "MTOSystem", "request_id": "SYSTEM", "message": "Failed to initialize SQLAlchemy engine | Error: name 'create_engine' is not defined\nTraceback:\nTraceback (most recent call last):\n  File \"C:\\Users\\user\\Desktop\\MTO\\db_manager.py\", line 225, in _init_pool\n    DB_ENGINE = create_engine(\n                ^^^^^^^^^^^^^\nNameError: name 'create_engine' is not defined\n"}
{"timestamp": "2026-05-12 13:41:17", "level": "ERROR", "logger": "MTOSystem", "request_id": "SYSTEM", "message": "Atomic Transaction failed - ROLLBACK TRIGGERED | Error: 1061 (42000): Duplicate key name 'idx_properties_owner_name'\nTraceback:\nTraceback (most recent call last):\n  File \"C:\\Users\\user\\Desktop\\MTO\\venv\\Lib\\site-packages\\mysql\\connector\\connection_cext.py\", line 772, in cmd_query\n    self._cmysql.query(\n    ~~~~~~~~~~~~~~~~~~^\n        query,\n        ^^^^^^\n    ...<3 lines>...\n        query_attrs=self.query_attrs,\n        ^^^^^^^^^^^^^^^^^^^^^^^^^^^^^\n    )\n    ^\n_mysql_connector.MySQLInterfaceError: Duplicate key name 'idx_properties_owner_name'\n\nThe above exception was the direct cause of the following exception:\n\nTraceback (most recent call last):\n  File \"C:\\Users\\user\\Desktop\\MTO\\db_manager.py\", line 452, in execute_transaction\n    result = operation(cur)\n  File \"C:\\Users\\user\\Desktop\\MTO\\migration_manager.py\", line 38, in transaction\n    cur.execute(stmt)\n    ~~~~~~~~~~~^^^^^^\n  File \"C:\\Users\\user\\Desktop\\MTO\\venv\\Lib\\site-packages\\mysql\\connector\\cursor_cext.py\", line 353, in execute\n    self._connection.cmd_query(\n    ~~~~~~~~~~~~~~~~~~~~~~~~~~^\n        self._stmt_partition[\"mappable_stmt\"],\n        ^^^^^^^^^^^^^^^^^^^^^^^^^^^^^^^^^^^^^^\n    ...<2 lines>...\n        raw_as_string=self._raw_as_string,\n        ^^^^^^^^^^^^^^^^^^^^^^^^^^^^^^^^^^\n    )\n    ^\n  File \"C:\\Users\\user\\Desktop\\MTO\\venv\\Lib\\site-packages\\mysql\\connector\\opentelemetry\\context_propagation.py\", line 97, in wrapper\n    return method(cnx, *args, **kwargs)\n  File \"C:\\Users\\user\\Desktop\\MTO\\venv\\Lib\\site-packages\\mysql\\connector\\connection_cext.py\", line 781, in cmd_query\n    raise get_mysql_exception(\n        err.errno, msg=err.msg, sqlstate=err.sqlstate\n    ) from err\nmysql.connector.errors.ProgrammingError: 1061 (42000): Duplicate key name 'idx_properties_owner_name'\n"}
{"timestamp": "2026-05-12 13:41:22", "level": "INFO", "logger": "MTOSystem", "request_id": "e3b43256-037f-4b99-b5f9-9bdc0f9b37dc", "message": "API GET /me completed"}
{"timestamp": "2026-05-12 13:41:22", "level": "INFO", "logger": "MTOSystem", "request_id": "77500a0a-3519-4c08-a399-00dbfdd52173", "message": "API POST /system/logs completed"}
{"timestamp": "2026-05-12 13:41:22", "level": "INFO", "logger": "MTOSystem", "request_id": "2fd0d551-6198-4775-81c9-807a68cfaf91", "message": "API GET /billing/summary completed"}
{"timestamp": "2026-05-12 13:41:22", "level": "INFO", "logger": "MTOSystem", "request_id": "12721fc5-89ce-4d59-b2ab-70a667c5f84a", "message": "API GET /analytics/trends completed"}
{"timestamp": "2026-05-12 13:41:24", "level": "INFO", "logger": "MTOSystem", "request_id": "7038f59b-92d1-49bf-8959-05a05ba199e2", "message": "API GET /properties/barangays completed"}
{"timestamp": "2026-05-12 13:41:33", "level": "INFO", "logger": "MTOSystem", "request_id": "86039fde-2e49-4e32-86e9-11a3b8f52f5a", "message": "API GET /properties completed"}
{"timestamp": "2026-05-12 13:41:43", "level": "INFO", "logger": "MTOSystem", "request_id": "43084f5e-b9f1-4acf-8f1f-fee5635c3fc0", "message": "API GET /properties completed"}
{"timestamp": "2026-05-12 13:41:43", "level": "INFO", "logger": "MTOSystem", "request_id": "622b7f16-7011-4744-b40a-56da065f36fc", "message": "API GET /properties completed"}
{"timestamp": "2026-05-12 13:41:49", "level": "INFO", "logger": "MTOSystem", "request_id": "8a0cc5e3-5e4f-4bf6-9790-bd88f52c7018", "message": "API GET /properties completed"}
{"timestamp": "2026-05-12 13:41:54", "level": "INFO", "logger": "MTOSystem", "request_id": "4dafbc64-f35f-4ed8-bcb3-46e661bc87be", "message": "API GET /properties completed"}
{"timestamp": "2026-05-12 13:41:55", "level": "INFO", "logger": "MTOSystem", "request_id": "9c366cda-349f-4f69-a409-1a7c227cfec9", "message": "API GET /properties completed"}
{"timestamp": "2026-05-12 13:45:14", "level": "ERROR", "logger": "MTOSystem", "request_id": "SYSTEM", "message": "Failed to initialize SQLAlchemy engine | Error: name 'create_engine' is not defined\nTraceback:\nTraceback (most recent call last):\n  File \"C:\\Users\\user\\Desktop\\MTO\\db_manager.py\", line 225, in _init_pool\n    DB_ENGINE = create_engine(\n                ^^^^^^^^^^^^^\nNameError: name 'create_engine' is not defined\n"}
{"timestamp": "2026-05-12 13:45:14", "level": "ERROR", "logger": "MTOSystem", "request_id": "SYSTEM", "message": "Atomic Transaction failed - ROLLBACK TRIGGERED | Error: 1061 (42000): Duplicate key name 'idx_properties_owner_name'\nTraceback:\nTraceback (most recent call last):\n  File \"C:\\Users\\user\\Desktop\\MTO\\venv\\Lib\\site-packages\\mysql\\connector\\connection_cext.py\", line 772, in cmd_query\n    self._cmysql.query(\n    ~~~~~~~~~~~~~~~~~~^\n        query,\n        ^^^^^^\n    ...<3 lines>...\n        query_attrs=self.query_attrs,\n        ^^^^^^^^^^^^^^^^^^^^^^^^^^^^^\n    )\n    ^\n_mysql_connector.MySQLInterfaceError: Duplicate key name 'idx_properties_owner_name'\n\nThe above exception was the direct cause of the following exception:\n\nTraceback (most recent call last):\n  File \"C:\\Users\\user\\Desktop\\MTO\\db_manager.py\", line 452, in execute_transaction\n    result = operation(cur)\n  File \"C:\\Users\\user\\Desktop\\MTO\\migration_manager.py\", line 38, in transaction\n    cur.execute(stmt)\n    ~~~~~~~~~~~^^^^^^\n  File \"C:\\Users\\user\\Desktop\\MTO\\venv\\Lib\\site-packages\\mysql\\connector\\cursor_cext.py\", line 353, in execute\n    self._connection.cmd_query(\n    ~~~~~~~~~~~~~~~~~~~~~~~~~~^\n        self._stmt_partition[\"mappable_stmt\"],\n        ^^^^^^^^^^^^^^^^^^^^^^^^^^^^^^^^^^^^^^\n    ...<2 lines>...\n        raw_as_string=self._raw_as_string,\n        ^^^^^^^^^^^^^^^^^^^^^^^^^^^^^^^^^^\n    )\n    ^\n  File \"C:\\Users\\user\\Desktop\\MTO\\venv\\Lib\\site-packages\\mysql\\connector\\opentelemetry\\context_propagation.py\", line 97, in wrapper\n    return method(cnx, *args, **kwargs)\n  File \"C:\\Users\\user\\Desktop\\MTO\\venv\\Lib\\site-packages\\mysql\\connector\\connection_cext.py\", line 781, in cmd_query\n    raise get_mysql_exception(\n        err.errno, msg=err.msg, sqlstate=err.sqlstate\n    ) from err\nmysql.connector.errors.ProgrammingError: 1061 (42000): Duplicate key name 'idx_properties_owner_name'\n"}
{"timestamp": "2026-05-12 13:45:16", "level": "ERROR", "logger": "MTOSystem", "request_id": "SYSTEM", "message": "Failed to initialize SQLAlchemy engine | Error: name 'create_engine' is not defined\nTraceback:\nTraceback (most recent call last):\n  File \"C:\\Users\\user\\Desktop\\MTO\\db_manager.py\", line 225, in _init_pool\n    DB_ENGINE = create_engine(\n                ^^^^^^^^^^^^^\nNameError: name 'create_engine' is not defined\n"}
{"timestamp": "2026-05-12 13:45:16", "level": "ERROR", "logger": "MTOSystem", "request_id": "SYSTEM", "message": "Atomic Transaction failed - ROLLBACK TRIGGERED | Error: 1061 (42000): Duplicate key name 'idx_properties_owner_name'\nTraceback:\nTraceback (most recent call last):\n  File \"C:\\Users\\user\\Desktop\\MTO\\venv\\Lib\\site-packages\\mysql\\connector\\connection_cext.py\", line 772, in cmd_query\n    self._cmysql.query(\n    ~~~~~~~~~~~~~~~~~~^\n        query,\n        ^^^^^^\n    ...<3 lines>...\n        query_attrs=self.query_attrs,\n        ^^^^^^^^^^^^^^^^^^^^^^^^^^^^^\n    )\n    ^\n_mysql_connector.MySQLInterfaceError: Duplicate key name 'idx_properties_owner_name'\n\nThe above exception was the direct cause of the following exception:\n\nTraceback (most recent call last):\n  File \"C:\\Users\\user\\Desktop\\MTO\\db_manager.py\", line 452, in execute_transaction\n    result = operation(cur)\n  File \"C:\\Users\\user\\Desktop\\MTO\\migration_manager.py\", line 38, in transaction\n    cur.execute(stmt)\n    ~~~~~~~~~~~^^^^^^\n  File \"C:\\Users\\user\\Desktop\\MTO\\venv\\Lib\\site-packages\\mysql\\connector\\cursor_cext.py\", line 353, in execute\n    self._connection.cmd_query(\n    ~~~~~~~~~~~~~~~~~~~~~~~~~~^\n        self._stmt_partition[\"mappable_stmt\"],\n        ^^^^^^^^^^^^^^^^^^^^^^^^^^^^^^^^^^^^^^\n    ...<2 lines>...\n        raw_as_string=self._raw_as_string,\n        ^^^^^^^^^^^^^^^^^^^^^^^^^^^^^^^^^^\n    )\n    ^\n  File \"C:\\Users\\user\\Desktop\\MTO\\venv\\Lib\\site-packages\\mysql\\connector\\opentelemetry\\context_propagation.py\", line 97, in wrapper\n    return method(cnx, *args, **kwargs)\n  File \"C:\\Users\\user\\Desktop\\MTO\\venv\\Lib\\site-packages\\mysql\\connector\\connection_cext.py\", line 781, in cmd_query\n    raise get_mysql_exception(\n        err.errno, msg=err.msg, sqlstate=err.sqlstate\n    ) from err\nmysql.connector.errors.ProgrammingError: 1061 (42000): Duplicate key name 'idx_properties_owner_name'\n"}
{"timestamp": "2026-05-12 13:45:20", "level": "INFO", "logger": "MTOSystem", "request_id": "fa72e921-7bbe-475d-9308-1bf09e6bbe46", "message": "API GET /me completed"}
{"timestamp": "2026-05-12 13:45:20", "level": "INFO", "logger": "MTOSystem", "request_id": "740bb38a-6a5f-40f0-92c8-d4f954c66a2b", "message": "API POST /system/logs completed"}
{"timestamp": "2026-05-12 13:45:21", "level": "INFO", "logger": "MTOSystem", "request_id": "4fcf7d82-993a-4bbf-b905-bf5653232c09", "message": "API GET /billing/summary completed"}
{"timestamp": "2026-05-12 13:45:21", "level": "INFO", "logger": "MTOSystem", "request_id": "f683f02c-44c7-455c-ae82-cc814a55d56c", "message": "API GET /analytics/trends completed"}
{"timestamp": "2026-05-12 13:45:27", "level": "INFO", "logger": "MTOSystem", "request_id": "51b89356-a2f6-42ef-924b-6e4dd55d2ef2", "message": "API GET /properties completed"}
{"timestamp": "2026-05-12 13:45:28", "level": "INFO", "logger": "MTOSystem", "request_id": "bc1b8258-8914-45d2-a57e-4325970761e3", "message": "API GET /properties completed"}
{"timestamp": "2026-05-12 13:45:30", "level": "INFO", "logger": "MTOSystem", "request_id": "50b8f842-c5f2-4abe-b190-48a5471a28af", "message": "API GET /properties completed"}
{"timestamp": "2026-05-12 13:45:31", "level": "INFO", "logger": "MTOSystem", "request_id": "016e97f7-3559-4b08-8d6f-52b24e83e523", "message": "API GET /properties completed"}
{"timestamp": "2026-05-12 13:45:32", "level": "INFO", "logger": "MTOSystem", "request_id": "d1fca23b-ea75-4f9e-b2fb-39b59f3cd60b", "message": "API GET /properties completed"}
{"timestamp": "2026-05-12 13:45:33", "level": "INFO", "logger": "MTOSystem", "request_id": "58175232-7195-4450-9c99-ece92e1fc60d", "message": "API GET /properties completed"}
{"timestamp": "2026-05-12 13:45:33", "level": "INFO", "logger": "MTOSystem", "request_id": "c86f311b-7973-46fd-969b-7ae755472e11", "message": "API GET /properties completed"}
{"timestamp": "2026-05-12 13:45:33", "level": "INFO", "logger": "MTOSystem", "request_id": "15bff200-b82e-43e0-8695-518a7b004f78", "message": "API GET /properties completed"}
{"timestamp": "2026-05-12 13:45:35", "level": "INFO", "logger": "MTOSystem", "request_id": "e24f8cd7-895b-49ba-ab71-979096b77669", "message": "API GET /properties completed"}
{"timestamp": "2026-05-12 13:45:36", "level": "INFO", "logger": "MTOSystem", "request_id": "8995e093-ecdd-4fe5-884d-2aa73bdd81bb", "message": "API GET /properties completed"}
{"timestamp": "2026-05-12 13:45:42", "level": "INFO", "logger": "MTOSystem", "request_id": "d9362784-d19a-43e8-98bf-f46ed9594dfd", "message": "API GET /properties completed"}
{"timestamp": "2026-05-12 13:45:42", "level": "INFO", "logger": "MTOSystem", "request_id": "5778df45-9eaa-4331-83ab-49a293ef0821", "message": "API GET /properties completed"}
{"timestamp": "2026-05-12 13:45:43", "level": "INFO", "logger": "MTOSystem", "request_id": "31847ef3-6d2f-46ea-a9bd-b3c99fd80709", "message": "API GET /properties completed"}
{"timestamp": "2026-05-12 13:45:44", "level": "INFO", "logger": "MTOSystem", "request_id": "a6225985-58bd-45de-a839-eb4d9d09e5cd", "message": "API GET /properties completed"}
{"timestamp": "2026-05-12 13:45:45", "level": "INFO", "logger": "MTOSystem", "request_id": "4054158d-84fe-45d0-a3de-6d78de007ec6", "message": "API GET /properties completed"}
{"timestamp": "2026-05-12 13:45:49", "level": "INFO", "logger": "MTOSystem", "request_id": "5f814afe-2000-435c-8c5c-ef28e21a438d", "message": "API GET /properties completed"}
{"timestamp": "2026-05-12 13:45:50", "level": "INFO", "logger": "MTOSystem", "request_id": "46645ad2-a653-423b-8427-9b9e717869c1", "message": "API GET /properties completed"}
{"timestamp": "2026-05-12 13:45:52", "level": "INFO", "logger": "MTOSystem", "request_id": "51625003-1c61-40c8-a86d-e5f024c18dc8", "message": "API GET /properties completed"}
{"timestamp": "2026-05-12 13:46:00", "level": "INFO", "logger": "MTOSystem", "request_id": "ddee27ff-297d-4063-b77d-7d6584ea6737", "message": "API GET /billing/report-details completed"}
{"timestamp": "2026-05-12 13:46:04", "level": "INFO", "logger": "MTOSystem", "request_id": "3b8ebce8-397d-43b3-8ba5-1d9edd3bf07e", "message": "API GET /billing/receivables-summary completed"}
{"timestamp": "2026-05-12 13:46:07", "level": "INFO", "logger": "MTOSystem", "request_id": "a2b95202-a99d-42ed-9514-7518654f7352", "message": "API GET /reports/receivables-by-barangay completed"}
{"timestamp": "2026-05-12 13:46:10", "level": "INFO", "logger": "MTOSystem", "request_id": "e5265b86-2e39-4a20-8c4a-092147ce1b78", "message": "API GET /properties/barangays completed"}
{"timestamp": "2026-05-12 13:46:12", "level": "INFO", "logger": "MTOSystem", "request_id": "a5addff4-29fd-4ead-8f93-0f94f4d1269e", "message": "API GET /billing/summary completed"}
{"timestamp": "2026-05-12 13:46:12", "level": "INFO", "logger": "MTOSystem", "request_id": "c702dcba-da34-434d-9234-3fba3c59b03c", "message": "API GET /analytics/trends completed"}
{"timestamp": "2026-05-12 13:46:16", "level": "INFO", "logger": "MTOSystem", "request_id": "e9345537-d3fa-4f73-9852-c4b27894210c", "message": "API GET /analytics/kpis completed"}
{"timestamp": "2026-05-12 13:46:16", "level": "INFO", "logger": "MTOSystem", "request_id": "80493709-85bb-46d9-a4b6-2815079f0d00", "message": "API GET /analytics/trends completed"}
{"timestamp": "2026-05-12 13:46:16", "level": "INFO", "logger": "MTOSystem", "request_id": "60b760d3-934d-4b60-a9ac-abfe4fb2b88e", "message": "API GET /analytics/barangay-breakdown completed"}
{"timestamp": "2026-05-12 16:46:42", "level": "ERROR", "logger": "MTOSystem", "request_id": "SYSTEM", "message": "Login Background Task Failed | Error: HTTPSConnectionPool(host='127.0.0.1', port=8001): Max retries exceeded with url: /token (Caused by SSLError(SSLCertVerificationError(1, \"[SSL: CERTIFICATE_VERIFY_FAILED] certificate verify failed: IP address mismatch, certificate is not valid for '127.0.0.1'. (_ssl.c:1081)\")))\nTraceback:\nTraceback (most recent call last):\n  File \"C:\\Users\\user\\Desktop\\MTO\\venv\\Lib\\site-packages\\urllib3\\connectionpool.py\", line 464, in _make_request\n    self._validate_conn(conn)\n    ~~~~~~~~~~~~~~~~~~~^^^^^^\n  File \"C:\\Users\\user\\Desktop\\MTO\\venv\\Lib\\site-packages\\urllib3\\connectionpool.py\", line 1093, in _validate_conn\n    conn.connect()\n    ~~~~~~~~~~~~^^\n  File \"C:\\Users\\user\\Desktop\\MTO\\venv\\Lib\\site-packages\\urllib3\\connection.py\", line 796, in connect\n    sock_and_verified = _ssl_wrap_socket_and_match_hostname(\n        sock=sock,\n    ...<14 lines>...\n        assert_fingerprint=self.assert_fingerprint,\n    )\n  File \"C:\\Users\\user\\Desktop\\MTO\\venv\\Lib\\site-packages\\urllib3\\connection.py\", line 975, in _ssl_wrap_socket_and_match_hostname\n    ssl_sock = ssl_wrap_socket(\n        sock=sock,\n    ...<8 lines>...\n        tls_in_tls=tls_in_tls,\n    )\n  File \"C:\\Users\\user\\Desktop\\MTO\\venv\\Lib\\site-packages\\urllib3\\util\\ssl_.py\", line 483, in ssl_wrap_socket\n    ssl_sock = _ssl_wrap_socket_impl(sock, context, tls_in_tls, server_hostname)\n  File \"C:\\Users\\user\\Desktop\\MTO\\venv\\Lib\\site-packages\\urllib3\\util\\ssl_.py\", line 527, in _ssl_wrap_socket_impl\n    return ssl_context.wrap_socket(sock, server_hostname=server_hostname)\n           ~~~~~~~~~~~~~~~~~~~~~~~^^^^^^^^^^^^^^^^^^^^^^^^^^^^^^^^^^^^^^^\n  File \"C:\\Program Files\\Python314\\Lib\\ssl.py\", line 455, in wrap_socket\n    return self.sslsocket_class._create(\n           ~~~~~~~~~~~~~~~~~~~~~~~~~~~~^\n        sock=sock,\n        ^^^^^^^^^^\n    ...<5 lines>...\n        session=session\n        ^^^^^^^^^^^^^^^\n    )\n    ^\n  File \"C:\\Program Files\\Python314\\Lib\\ssl.py\", line 1076, in _create\n    self.do_handshake()\n    ~~~~~~~~~~~~~~~~~^^\n  File \"C:\\Program Files\\Python314\\Lib\\ssl.py\", line 1372, in do_handshake\n    self._sslobj.do_handshake()\n    ~~~~~~~~~~~~~~~~~~~~~~~~~^^\nssl.SSLCertVerificationError: [SSL: CERTIFICATE_VERIFY_FAILED] certificate verify failed: IP address mismatch, certificate is not valid for '127.0.0.1'. (_ssl.c:1081)\n\nDuring handling of the above exception, another exception occurred:\n\nTraceback (most recent call last):\n  File \"C:\\Users\\user\\Desktop\\MTO\\venv\\Lib\\site-packages\\urllib3\\connectionpool.py\", line 787, in urlopen\n    response = self._make_request(\n        conn,\n    ...<10 lines>...\n        **response_kw,\n    )\n  File \"C:\\Users\\user\\Desktop\\MTO\\venv\\Lib\\site-packages\\urllib3\\connectionpool.py\", line 488, in _make_request\n    raise new_e\nurllib3.exceptions.SSLError: [SSL: CERTIFICATE_VERIFY_FAILED] certificate verify failed: IP address mismatch, certificate is not valid for '127.0.0.1'. (_ssl.c:1081)\n\nThe above exception was the direct cause of the following exception:\n\nTraceback (most recent call last):\n  File \"C:\\Users\\user\\Desktop\\MTO\\venv\\Lib\\site-packages\\requests\\adapters.py\", line 645, in send\n    resp = conn.urlopen(\n        method=request.method,\n    ...<9 lines>...\n        chunked=chunked,\n    )\n  File \"C:\\Users\\user\\Desktop\\MTO\\venv\\Lib\\site-packages\\urllib3\\connectionpool.py\", line 841, in urlopen\n    retries = retries.increment(\n        method, url, error=new_e, _pool=self, _stacktrace=sys.exc_info()[2]\n    )\n  File \"C:\\Users\\user\\Desktop\\MTO\\venv\\Lib\\site-packages\\urllib3\\util\\retry.py\", line 535, in increment\n    raise MaxRetryError(_pool, url, reason) from reason  # type: ignore[arg-type]\n    ^^^^^^^^^^^^^^^^^^^^^^^^^^^^^^^^^^^^^^^^^^^^^^^^^^^\nurllib3.exceptions.MaxRetryError: HTTPSConnectionPool(host='127.0.0.1', port=8001): Max retries exceeded with url: /token (Caused by SSLError(SSLCertVerificationError(1, \"[SSL: CERTIFICATE_VERIFY_FAILED] certificate verify failed: IP address mismatch, certificate is not valid for '127.0.0.1'. (_ssl.c:1081)\")))\n\nDuring handling of the above exception, another exception occurred:\n\nTraceback (most recent call last):\n  File \"C:\\Users\\user\\Desktop\\MTO\\main.py\", line 194, in do_login\n    auth_result = verify_user_login(u, p)\n  File \"C:\\Users\\user\\Desktop\\MTO\\api_clients\\auth_service.py\", line 96, in verify_user_login\n    raise e\n  File \"C:\\Users\\user\\Desktop\\MTO\\api_clients\\auth_service.py\", line 81, in verify_user_login\n    response = requests.post(f\"{API_BASE_URL}/token\", data=payload, headers=headers, verify=verify_param)\n  File \"C:\\Users\\user\\Desktop\\MTO\\venv\\Lib\\site-packages\\requests\\api.py\", line 115, in post\n    return request(\"post\", url, data=data, json=json, **kwargs)\n  File \"C:\\Users\\user\\Desktop\\MTO\\venv\\Lib\\site-packages\\requests\\api.py\", line 59, in request\n    return session.request(method=method, url=url, **kwargs)\n           ~~~~~~~~~~~~~~~^^^^^^^^^^^^^^^^^^^^^^^^^^^^^^^^^^\n  File \"C:\\Users\\user\\Desktop\\MTO\\venv\\Lib\\site-packages\\requests\\sessions.py\", line 592, in request\n    resp = self.send(prep, **send_kwargs)\n  File \"C:\\Users\\user\\Desktop\\MTO\\venv\\Lib\\site-packages\\requests\\sessions.py\", line 706, in send\n    r = adapter.send(request, **kwargs)\n  File \"C:\\Users\\user\\Desktop\\MTO\\venv\\Lib\\site-packages\\requests\\adapters.py\", line 676, in send\n    raise SSLError(e, request=request)\nrequests.exceptions.SSLError: HTTPSConnectionPool(host='127.0.0.1', port=8001): Max retries exceeded with url: /token (Caused by SSLError(SSLCertVerificationError(1, \"[SSL: CERTIFICATE_VERIFY_FAILED] certificate verify failed: IP address mismatch, certificate is not valid for '127.0.0.1'. (_ssl.c:1081)\")))\n"}
{"timestamp": "2026-05-12 16:47:12", "level": "ERROR", "logger": "MTOSystem", "request_id": "SYSTEM", "message": "Login Background Task Failed | Error: HTTPSConnectionPool(host='127.0.0.1', port=8001): Max retries exceeded with url: /token (Caused by SSLError(SSLCertVerificationError(1, \"[SSL: CERTIFICATE_VERIFY_FAILED] certificate verify failed: IP address mismatch, certificate is not valid for '127.0.0.1'. (_ssl.c:1081)\")))\nTraceback:\nTraceback (most recent call last):\n  File \"C:\\Users\\user\\Desktop\\MTO\\venv\\Lib\\site-packages\\urllib3\\connectionpool.py\", line 464, in _make_request\n    self._validate_conn(conn)\n    ~~~~~~~~~~~~~~~~~~~^^^^^^\n  File \"C:\\Users\\user\\Desktop\\MTO\\venv\\Lib\\site-packages\\urllib3\\connectionpool.py\", line 1093, in _validate_conn\n    conn.connect()\n    ~~~~~~~~~~~~^^\n  File \"C:\\Users\\user\\Desktop\\MTO\\venv\\Lib\\site-packages\\urllib3\\connection.py\", line 796, in connect\n    sock_and_verified = _ssl_wrap_socket_and_match_hostname(\n        sock=sock,\n    ...<14 lines>...\n        assert_fingerprint=self.assert_fingerprint,\n    )\n  File \"C:\\Users\\user\\Desktop\\MTO\\venv\\Lib\\site-packages\\urllib3\\connection.py\", line 975, in _ssl_wrap_socket_and_match_hostname\n    ssl_sock = ssl_wrap_socket(\n        sock=sock,\n    ...<8 lines>...\n        tls_in_tls=tls_in_tls,\n    )\n  File \"C:\\Users\\user\\Desktop\\MTO\\venv\\Lib\\site-packages\\urllib3\\util\\ssl_.py\", line 483, in ssl_wrap_socket\n    ssl_sock = _ssl_wrap_socket_impl(sock, context, tls_in_tls, server_hostname)\n  File \"C:\\Users\\user\\Desktop\\MTO\\venv\\Lib\\site-packages\\urllib3\\util\\ssl_.py\", line 527, in _ssl_wrap_socket_impl\n    return ssl_context.wrap_socket(sock, server_hostname=server_hostname)\n           ~~~~~~~~~~~~~~~~~~~~~~~^^^^^^^^^^^^^^^^^^^^^^^^^^^^^^^^^^^^^^^\n  File \"C:\\Program Files\\Python314\\Lib\\ssl.py\", line 455, in wrap_socket\n    return self.sslsocket_class._create(\n           ~~~~~~~~~~~~~~~~~~~~~~~~~~~~^\n        sock=sock,\n        ^^^^^^^^^^\n    ...<5 lines>...\n        session=session\n        ^^^^^^^^^^^^^^^\n    )\n    ^\n  File \"C:\\Program Files\\Python314\\Lib\\ssl.py\", line 1076, in _create\n    self.do_handshake()\n    ~~~~~~~~~~~~~~~~~^^\n  File \"C:\\Program Files\\Python314\\Lib\\ssl.py\", line 1372, in do_handshake\n    self._sslobj.do_handshake()\n    ~~~~~~~~~~~~~~~~~~~~~~~~~^^\nssl.SSLCertVerificationError: [SSL: CERTIFICATE_VERIFY_FAILED] certificate verify failed: IP address mismatch, certificate is not valid for '127.0.0.1'. (_ssl.c:1081)\n\nDuring handling of the above exception, another exception occurred:\n\nTraceback (most recent call last):\n  File \"C:\\Users\\user\\Desktop\\MTO\\venv\\Lib\\site-packages\\urllib3\\connectionpool.py\", line 787, in urlopen\n    response = self._make_request(\n        conn,\n    ...<10 lines>...\n        **response_kw,\n    )\n  File \"C:\\Users\\user\\Desktop\\MTO\\venv\\Lib\\site-packages\\urllib3\\connectionpool.py\", line 488, in _make_request\n    raise new_e\nurllib3.exceptions.SSLError: [SSL: CERTIFICATE_VERIFY_FAILED] certificate verify failed: IP address mismatch, certificate is not valid for '127.0.0.1'. (_ssl.c:1081)\n\nThe above exception was the direct cause of the following exception:\n\nTraceback (most recent call last):\n  File \"C:\\Users\\user\\Desktop\\MTO\\venv\\Lib\\site-packages\\requests\\adapters.py\", line 645, in send\n    resp = conn.urlopen(\n        method=request.method,\n    ...<9 lines>...\n        chunked=chunked,\n    )\n  File \"C:\\Users\\user\\Desktop\\MTO\\venv\\Lib\\site-packages\\urllib3\\connectionpool.py\", line 841, in urlopen\n    retries = retries.increment(\n        method, url, error=new_e, _pool=self, _stacktrace=sys.exc_info()[2]\n    )\n  File \"C:\\Users\\user\\Desktop\\MTO\\venv\\Lib\\site-packages\\urllib3\\util\\retry.py\", line 535, in increment\n    raise MaxRetryError(_pool, url, reason) from reason  # type: ignore[arg-type]\n    ^^^^^^^^^^^^^^^^^^^^^^^^^^^^^^^^^^^^^^^^^^^^^^^^^^^\nurllib3.exceptions.MaxRetryError: HTTPSConnectionPool(host='127.0.0.1', port=8001): Max retries exceeded with url: /token (Caused by SSLError(SSLCertVerificationError(1, \"[SSL: CERTIFICATE_VERIFY_FAILED] certificate verify failed: IP address mismatch, certificate is not valid for '127.0.0.1'. (_ssl.c:1081)\")))\n\nDuring handling of the above exception, another exception occurred:\n\nTraceback (most recent call last):\n  File \"C:\\Users\\user\\Desktop\\MTO\\main.py\", line 194, in do_login\n    auth_result = verify_user_login(u, p)\n  File \"C:\\Users\\user\\Desktop\\MTO\\api_clients\\auth_service.py\", line 96, in verify_user_login\n    raise e\n  File \"C:\\Users\\user\\Desktop\\MTO\\api_clients\\auth_service.py\", line 81, in verify_user_login\n    response = requests.post(f\"{API_BASE_URL}/token\", data=payload, headers=headers, verify=verify_param)\n  File \"C:\\Users\\user\\Desktop\\MTO\\venv\\Lib\\site-packages\\requests\\api.py\", line 115, in post\n    return request(\"post\", url, data=data, json=json, **kwargs)\n  File \"C:\\Users\\user\\Desktop\\MTO\\venv\\Lib\\site-packages\\requests\\api.py\", line 59, in request\n    return session.request(method=method, url=url, **kwargs)\n           ~~~~~~~~~~~~~~~^^^^^^^^^^^^^^^^^^^^^^^^^^^^^^^^^^\n  File \"C:\\Users\\user\\Desktop\\MTO\\venv\\Lib\\site-packages\\requests\\sessions.py\", line 592, in request\n    resp = self.send(prep, **send_kwargs)\n  File \"C:\\Users\\user\\Desktop\\MTO\\venv\\Lib\\site-packages\\requests\\sessions.py\", line 706, in send\n    r = adapter.send(request, **kwargs)\n  File \"C:\\Users\\user\\Desktop\\MTO\\venv\\Lib\\site-packages\\requests\\adapters.py\", line 676, in send\n    raise SSLError(e, request=request)\nrequests.exceptions.SSLError: HTTPSConnectionPool(host='127.0.0.1', port=8001): Max retries exceeded with url: /token (Caused by SSLError(SSLCertVerificationError(1, \"[SSL: CERTIFICATE_VERIFY_FAILED] certificate verify failed: IP address mismatch, certificate is not valid for '127.0.0.1'. (_ssl.c:1081)\")))\n"}
{"timestamp": "2026-05-12 16:59:08", "level": "ERROR", "logger": "MTOSystem", "request_id": "SYSTEM", "message": "Login Background Task Failed | Error: HTTPSConnectionPool(host='127.0.0.1', port=8001): Max retries exceeded with url: /token (Caused by SSLError(SSLCertVerificationError(1, \"[SSL: CERTIFICATE_VERIFY_FAILED] certificate verify failed: IP address mismatch, certificate is not valid for '127.0.0.1'. (_ssl.c:1081)\")))\nTraceback:\nTraceback (most recent call last):\n  File \"C:\\Users\\user\\Desktop\\MTO\\venv\\Lib\\site-packages\\urllib3\\connectionpool.py\", line 464, in _make_request\n    self._validate_conn(conn)\n    ~~~~~~~~~~~~~~~~~~~^^^^^^\n  File \"C:\\Users\\user\\Desktop\\MTO\\venv\\Lib\\site-packages\\urllib3\\connectionpool.py\", line 1093, in _validate_conn\n    conn.connect()\n    ~~~~~~~~~~~~^^\n  File \"C:\\Users\\user\\Desktop\\MTO\\venv\\Lib\\site-packages\\urllib3\\connection.py\", line 796, in connect\n    sock_and_verified = _ssl_wrap_socket_and_match_hostname(\n        sock=sock,\n    ...<14 lines>...\n        assert_fingerprint=self.assert_fingerprint,\n    )\n  File \"C:\\Users\\user\\Desktop\\MTO\\venv\\Lib\\site-packages\\urllib3\\connection.py\", line 975, in _ssl_wrap_socket_and_match_hostname\n    ssl_sock = ssl_wrap_socket(\n        sock=sock,\n    ...<8 lines>...\n        tls_in_tls=tls_in_tls,\n    )\n  File \"C:\\Users\\user\\Desktop\\MTO\\venv\\Lib\\site-packages\\urllib3\\util\\ssl_.py\", line 483, in ssl_wrap_socket\n    ssl_sock = _ssl_wrap_socket_impl(sock, context, tls_in_tls, server_hostname)\n  File \"C:\\Users\\user\\Desktop\\MTO\\venv\\Lib\\site-packages\\urllib3\\util\\ssl_.py\", line 527, in _ssl_wrap_socket_impl\n    return ssl_context.wrap_socket(sock, server_hostname=server_hostname)\n           ~~~~~~~~~~~~~~~~~~~~~~~^^^^^^^^^^^^^^^^^^^^^^^^^^^^^^^^^^^^^^^\n  File \"C:\\Program Files\\Python314\\Lib\\ssl.py\", line 455, in wrap_socket\n    return self.sslsocket_class._create(\n           ~~~~~~~~~~~~~~~~~~~~~~~~~~~~^\n        sock=sock,\n        ^^^^^^^^^^\n    ...<5 lines>...\n        session=session\n        ^^^^^^^^^^^^^^^\n    )\n    ^\n  File \"C:\\Program Files\\Python314\\Lib\\ssl.py\", line 1076, in _create\n    self.do_handshake()\n    ~~~~~~~~~~~~~~~~~^^\n  File \"C:\\Program Files\\Python314\\Lib\\ssl.py\", line 1372, in do_handshake\n    self._sslobj.do_handshake()\n    ~~~~~~~~~~~~~~~~~~~~~~~~~^^\nssl.SSLCertVerificationError: [SSL: CERTIFICATE_VERIFY_FAILED] certificate verify failed: IP address mismatch, certificate is not valid for '127.0.0.1'. (_ssl.c:1081)\n\nDuring handling of the above exception, another exception occurred:\n\nTraceback (most recent call last):\n  File \"C:\\Users\\user\\Desktop\\MTO\\venv\\Lib\\site-packages\\urllib3\\connectionpool.py\", line 787, in urlopen\n    response = self._make_request(\n        conn,\n    ...<10 lines>...\n        **response_kw,\n    )\n  File \"C:\\Users\\user\\Desktop\\MTO\\venv\\Lib\\site-packages\\urllib3\\connectionpool.py\", line 488, in _make_request\n    raise new_e\nurllib3.exceptions.SSLError: [SSL: CERTIFICATE_VERIFY_FAILED] certificate verify failed: IP address mismatch, certificate is not valid for '127.0.0.1'. (_ssl.c:1081)\n\nThe above exception was the direct cause of the following exception:\n\nTraceback (most recent call last):\n  File \"C:\\Users\\user\\Desktop\\MTO\\venv\\Lib\\site-packages\\requests\\adapters.py\", line 645, in send\n    resp = conn.urlopen(\n        method=request.method,\n    ...<9 lines>...\n        chunked=chunked,\n    )\n  File \"C:\\Users\\user\\Desktop\\MTO\\venv\\Lib\\site-packages\\urllib3\\connectionpool.py\", line 841, in urlopen\n    retries = retries.increment(\n        method, url, error=new_e, _pool=self, _stacktrace=sys.exc_info()[2]\n    )\n  File \"C:\\Users\\user\\Desktop\\MTO\\venv\\Lib\\site-packages\\urllib3\\util\\retry.py\", line 535, in increment\n    raise MaxRetryError(_pool, url, reason) from reason  # type: ignore[arg-type]\n    ^^^^^^^^^^^^^^^^^^^^^^^^^^^^^^^^^^^^^^^^^^^^^^^^^^^\nurllib3.exceptions.MaxRetryError: HTTPSConnectionPool(host='127.0.0.1', port=8001): Max retries exceeded with url: /token (Caused by SSLError(SSLCertVerificationError(1, \"[SSL: CERTIFICATE_VERIFY_FAILED] certificate verify failed: IP address mismatch, certificate is not valid for '127.0.0.1'. (_ssl.c:1081)\")))\n\nDuring handling of the above exception, another exception occurred:\n\nTraceback (most recent call last):\n  File \"C:\\Users\\user\\Desktop\\MTO\\main.py\", line 194, in do_login\n    auth_result = verify_user_login(u, p)\n  File \"C:\\Users\\user\\Desktop\\MTO\\api_clients\\auth_service.py\", line 96, in verify_user_login\n    raise e\n  File \"C:\\Users\\user\\Desktop\\MTO\\api_clients\\auth_service.py\", line 81, in verify_user_login\n    response = requests.post(f\"{API_BASE_URL}/token\", data=payload, headers=headers, verify=verify_param, timeout=15)\n  File \"C:\\Users\\user\\Desktop\\MTO\\venv\\Lib\\site-packages\\requests\\api.py\", line 115, in post\n    return request(\"post\", url, data=data, json=json, **kwargs)\n  File \"C:\\Users\\user\\Desktop\\MTO\\venv\\Lib\\site-packages\\requests\\api.py\", line 59, in request\n    return session.request(method=method, url=url, **kwargs)\n           ~~~~~~~~~~~~~~~^^^^^^^^^^^^^^^^^^^^^^^^^^^^^^^^^^\n  File \"C:\\Users\\user\\Desktop\\MTO\\venv\\Lib\\site-packages\\requests\\sessions.py\", line 592, in request\n    resp = self.send(prep, **send_kwargs)\n  File \"C:\\Users\\user\\Desktop\\MTO\\venv\\Lib\\site-packages\\requests\\sessions.py\", line 706, in send\n    r = adapter.send(request, **kwargs)\n  File \"C:\\Users\\user\\Desktop\\MTO\\venv\\Lib\\site-packages\\requests\\adapters.py\", line 676, in send\n    raise SSLError(e, request=request)\nrequests.exceptions.SSLError: HTTPSConnectionPool(host='127.0.0.1', port=8001): Max retries exceeded with url: /token (Caused by SSLError(SSLCertVerificationError(1, \"[SSL: CERTIFICATE_VERIFY_FAILED] certificate verify failed: IP address mismatch, certificate is not valid for '127.0.0.1'. (_ssl.c:1081)\")))\n"}
{"timestamp": "2026-05-13 08:44:16", "level": "ERROR", "logger": "MTOSystem", "request_id": "73739011-68cd-4340-a296-3c158ae5fd43", "message": "Atomic Transaction failed - ROLLBACK TRIGGERED | Error: VALIDATION_ERROR: TD Number is required.\nTraceback:\nTraceback (most recent call last):\n  File \"C:\\Users\\user\\Desktop\\MTO\\backend\\services\\property_service.py\", line 112, in transaction_wrapper\n    enforce_property_rules(data)\n    ~~~~~~~~~~~~~~~~~~~~~~^^^^^^\n  File \"C:\\Users\\user\\Desktop\\MTO\\backend\\services\\validation_service.py\", line 49, in enforce_property_rules\n    raise ValidationError(\"TD Number is required.\", \"td_number\")\nbackend.services.validation_service.ValidationError: TD Number is required.\n\nDuring handling of the above exception, another exception occurred:\n\nTraceback (most recent call last):\n  File \"C:\\Users\\user\\Desktop\\MTO\\db_manager.py\", line 383, in execute_transaction\n    result = operation(cur)\n  File \"C:\\Users\\user\\Desktop\\MTO\\backend\\services\\property_service.py\", line 115, in transaction_wrapper\n    raise Exception(f\"VALIDATION_ERROR: {str(e)}\")\nException: VALIDATION_ERROR: TD Number is required.\n"}
{"timestamp": "2026-05-13 08:46:20", "level": "ERROR", "logger": "MTOSystem", "request_id": "SYSTEM", "message": "Atomic Transaction failed - ROLLBACK TRIGGERED | Error: (1060, \"Duplicate column name 'version'\")\nTraceback:\nTraceback (most recent call last):\n  File \"C:\\Users\\user\\Desktop\\MTO\\db_manager.py\", line 383, in execute_transaction\n    result = operation(cur)\n  File \"C:\\Users\\user\\Desktop\\MTO\\migration_manager.py\", line 38, in transaction\n    cur.execute(stmt)\n    ~~~~~~~~~~~^^^^^^\n  File \"C:\\Users\\user\\Desktop\\MTO\\venv\\Lib\\site-packages\\pymysql\\cursors.py\", line 153, in execute\n    result = self._query(query)\n  File \"C:\\Users\\user\\Desktop\\MTO\\venv\\Lib\\site-packages\\pymysql\\cursors.py\", line 322, in _query\n    conn.query(q)\n    ~~~~~~~~~~^^^\n  File \"C:\\Users\\user\\Desktop\\MTO\\venv\\Lib\\site-packages\\pymysql\\connections.py\", line 575, in query\n    self._affected_rows = self._read_query_result(unbuffered=unbuffered)\n                          ~~~~~~~~~~~~~~~~~~~~~~~^^^^^^^^^^^^^^^^^^^^^^^\n  File \"C:\\Users\\user\\Desktop\\MTO\\venv\\Lib\\site-packages\\pymysql\\connections.py\", line 826, in _read_query_result\n    result.read()\n    ~~~~~~~~~~~^^\n  File \"C:\\Users\\user\\Desktop\\MTO\\venv\\Lib\\site-packages\\pymysql\\connections.py\", line 1203, in read\n    first_packet = self.connection._read_packet()\n  File \"C:\\Users\\user\\Desktop\\MTO\\venv\\Lib\\site-packages\\pymysql\\connections.py\", line 782, in _read_packet\n    packet.raise_for_error()\n    ~~~~~~~~~~~~~~~~~~~~~~^^\n  File \"C:\\Users\\user\\Desktop\\MTO\\venv\\Lib\\site-packages\\pymysql\\protocol.py\", line 219, in raise_for_error\n    err.raise_mysql_exception(self._data)\n    ~~~~~~~~~~~~~~~~~~~~~~~~~^^^^^^^^^^^^\n  File \"C:\\Users\\user\\Desktop\\MTO\\venv\\Lib\\site-packages\\pymysql\\err.py\", line 150, in raise_mysql_exception\n    raise errorclass(errno, errval)\npymysql.err.OperationalError: (1060, \"Duplicate column name 'version'\")\n"}
{"timestamp": "2026-05-13 08:46:51", "level": "ERROR", "logger": "MTOSystem", "request_id": "a32d60ef-9279-4e38-b817-2b13a7d88510", "message": "Atomic Transaction failed - ROLLBACK TRIGGERED | Error: VALIDATION_ERROR: TD Number is required.\nTraceback:\nTraceback (most recent call last):\n  File \"C:\\Users\\user\\Desktop\\MTO\\backend\\services\\property_service.py\", line 112, in transaction_wrapper\n    enforce_property_rules(data)\n    ~~~~~~~~~~~~~~~~~~~~~~^^^^^^\n  File \"C:\\Users\\user\\Desktop\\MTO\\backend\\services\\validation_service.py\", line 49, in enforce_property_rules\n    raise ValidationError(\"TD Number is required.\", \"td_number\")\nbackend.services.validation_service.ValidationError: TD Number is required.\n\nDuring handling of the above exception, another exception occurred:\n\nTraceback (most recent call last):\n  File \"C:\\Users\\user\\Desktop\\MTO\\db_manager.py\", line 383, in execute_transaction\n    result = operation(cur)\n  File \"C:\\Users\\user\\Desktop\\MTO\\backend\\services\\property_service.py\", line 115, in transaction_wrapper\n    raise Exception(f\"VALIDATION_ERROR: {str(e)}\")\nException: VALIDATION_ERROR: TD Number is required.\n"}
{"timestamp": "2026-05-13 08:54:52", "level": "ERROR", "logger": "MTOSystem", "request_id": "dc3cbf22-63a8-4b8a-a448-0122ced2ff35", "message": "Atomic Transaction failed - ROLLBACK TRIGGERED | Error: VALIDATION_ERROR: TD Number is required.\nTraceback:\nTraceback (most recent call last):\n  File \"C:\\Users\\user\\Desktop\\MTO\\backend\\services\\property_service.py\", line 112, in transaction_wrapper\n    enforce_property_rules(data)\n    ~~~~~~~~~~~~~~~~~~~~~~^^^^^^\n  File \"C:\\Users\\user\\Desktop\\MTO\\backend\\services\\validation_service.py\", line 49, in enforce_property_rules\n    raise ValidationError(\"TD Number is required.\", \"td_number\")\nbackend.services.validation_service.ValidationError: TD Number is required.\n\nDuring handling of the above exception, another exception occurred:\n\nTraceback (most recent call last):\n  File \"C:\\Users\\user\\Desktop\\MTO\\db_manager.py\", line 383, in execute_transaction\n    result = operation(cur)\n  File \"C:\\Users\\user\\Desktop\\MTO\\backend\\services\\property_service.py\", line 115, in transaction_wrapper\n    raise Exception(f\"VALIDATION_ERROR: {str(e)}\")\nException: VALIDATION_ERROR: TD Number is required.\n"}
{"timestamp": "2026-05-13 08:55:12", "level": "ERROR", "logger": "MTOSystem", "request_id": "c6656280-33e9-45b3-bc52-e84a2d41b7c8", "message": "Atomic Transaction failed - ROLLBACK TRIGGERED | Error: VALIDATION_ERROR: TD Number is required.\nTraceback:\nTraceback (most recent call last):\n  File \"C:\\Users\\user\\Desktop\\MTO\\backend\\services\\property_service.py\", line 112, in transaction_wrapper\n    enforce_property_rules(data)\n    ~~~~~~~~~~~~~~~~~~~~~~^^^^^^\n  File \"C:\\Users\\user\\Desktop\\MTO\\backend\\services\\validation_service.py\", line 49, in enforce_property_rules\n    raise ValidationError(\"TD Number is required.\", \"td_number\")\nbackend.services.validation_service.ValidationError: TD Number is required.\n\nDuring handling of the above exception, another exception occurred:\n\nTraceback (most recent call last):\n  File \"C:\\Users\\user\\Desktop\\MTO\\db_manager.py\", line 383, in execute_transaction\n    result = operation(cur)\n  File \"C:\\Users\\user\\Desktop\\MTO\\backend\\services\\property_service.py\", line 115, in transaction_wrapper\n    raise Exception(f\"VALIDATION_ERROR: {str(e)}\")\nException: VALIDATION_ERROR: TD Number is required.\n"}
{"timestamp": "2026-05-13 08:57:47", "level": "ERROR", "logger": "MTOSystem", "request_id": "f0fbeaec-ae0c-4b44-90d4-c321b8544ef5", "message": "Atomic Transaction failed - ROLLBACK TRIGGERED | Error: Offline Sync Conflict Detected.\nTraceback:\nTraceback (most recent call last):\n  File \"C:\\Users\\user\\Desktop\\MTO\\db_manager.py\", line 383, in execute_transaction\n    result = operation(cur)\n  File \"C:\\Users\\user\\Desktop\\MTO\\backend\\services\\property_service.py\", line 122, in transaction_wrapper\n    prop_id, old_data = _upsert_property_record(cur, params, editing_id, client_version)\n                        ~~~~~~~~~~~~~~~~~~~~~~~^^^^^^^^^^^^^^^^^^^^^^^^^^^^^^^^^^^^^^^^^\n  File \"C:\\Users\\user\\Desktop\\MTO\\backend\\services\\property_service.py\", line 208, in _upsert_property_record\n    raise SyncConflictError(server_data_dict, params)\nbackend.services.property_service.SyncConflictError: Offline Sync Conflict Detected.\n"}
{"timestamp": "2026-05-13 08:59:43", "level": "ERROR", "logger": "MTOSystem", "request_id": "eb398c30-b885-4f44-815f-745345650529", "message": "Atomic Transaction failed - ROLLBACK TRIGGERED | Error: Offline Sync Conflict Detected.\nTraceback:\nTraceback (most recent call last):\n  File \"C:\\Users\\user\\Desktop\\MTO\\db_manager.py\", line 383, in execute_transaction\n    result = operation(cur)\n  File \"C:\\Users\\user\\Desktop\\MTO\\backend\\services\\property_service.py\", line 122, in transaction_wrapper\n    prop_id, old_data = _upsert_property_record(cur, params, editing_id, client_version)\n                        ~~~~~~~~~~~~~~~~~~~~~~~^^^^^^^^^^^^^^^^^^^^^^^^^^^^^^^^^^^^^^^^^\n  File \"C:\\Users\\user\\Desktop\\MTO\\backend\\services\\property_service.py\", line 209, in _upsert_property_record\n    raise SyncConflictError(server_data_dict, params)\nbackend.services.property_service.SyncConflictError: Offline Sync Conflict Detected.\n"}
{"timestamp": "2026-05-13 09:05:08", "level": "ERROR", "logger": "MTOSystem", "request_id": "ea37af16-fa5a-4d22-9f5f-1cef76d37d11", "message": "Atomic Transaction failed - ROLLBACK TRIGGERED | Error: Offline Sync Conflict Detected.\nTraceback:\nTraceback (most recent call last):\n  File \"C:\\Users\\user\\Desktop\\MTO\\db_manager.py\", line 383, in execute_transaction\n    result = operation(cur)\n  File \"C:\\Users\\user\\Desktop\\MTO\\backend\\services\\property_service.py\", line 122, in transaction_wrapper\n    prop_id, old_data = _upsert_property_record(cur, params, editing_id, client_version)\n                        ~~~~~~~~~~~~~~~~~~~~~~~^^^^^^^^^^^^^^^^^^^^^^^^^^^^^^^^^^^^^^^^^\n  File \"C:\\Users\\user\\Desktop\\MTO\\backend\\services\\property_service.py\", line 209, in _upsert_property_record\n    raise SyncConflictError(server_data_dict, params)\nbackend.services.property_service.SyncConflictError: Offline Sync Conflict Detected.\n"}
{"timestamp": "2026-05-13 09:05:17", "level": "ERROR", "logger": "MTOSystem", "request_id": "2a889887-28ac-4d19-b995-a2fbb500c7e0", "message": "Atomic Transaction failed - ROLLBACK TRIGGERED | Error: Offline Sync Conflict Detected.\nTraceback:\nTraceback (most recent call last):\n  File \"C:\\Users\\user\\Desktop\\MTO\\db_manager.py\", line 383, in execute_transaction\n    result = operation(cur)\n  File \"C:\\Users\\user\\Desktop\\MTO\\backend\\services\\property_service.py\", line 122, in transaction_wrapper\n    prop_id, old_data = _upsert_property_record(cur, params, editing_id, client_version)\n                        ~~~~~~~~~~~~~~~~~~~~~~~^^^^^^^^^^^^^^^^^^^^^^^^^^^^^^^^^^^^^^^^^\n  File \"C:\\Users\\user\\Desktop\\MTO\\backend\\services\\property_service.py\", line 209, in _upsert_property_record\n    raise SyncConflictError(server_data_dict, params)\nbackend.services.property_service.SyncConflictError: Offline Sync Conflict Detected.\n"}
{"timestamp": "2026-05-13 09:09:29", "level": "ERROR", "logger": "MTOSystem", "request_id": "0071b1f1-e057-4119-b8c0-49c8ef9ffcfc", "message": "Atomic Transaction failed - ROLLBACK TRIGGERED | Error: Offline Sync Conflict Detected.\nTraceback:\nTraceback (most recent call last):\n  File \"C:\\Users\\user\\Desktop\\MTO\\db_manager.py\", line 383, in execute_transaction\n    result = operation(cur)\n  File \"C:\\Users\\user\\Desktop\\MTO\\backend\\services\\property_service.py\", line 122, in transaction_wrapper\n    prop_id, old_data = _upsert_property_record(cur, params, editing_id, client_version)\n                        ~~~~~~~~~~~~~~~~~~~~~~~^^^^^^^^^^^^^^^^^^^^^^^^^^^^^^^^^^^^^^^^^\n  File \"C:\\Users\\user\\Desktop\\MTO\\backend\\services\\property_service.py\", line 209, in _upsert_property_record\n    raise SyncConflictError(server_data_dict, params)\nbackend.services.property_service.SyncConflictError: Offline Sync Conflict Detected.\n"}
{"timestamp": "2026-05-13 09:14:05", "level": "ERROR", "logger": "MTOSystem", "request_id": "6420034f-8af0-482f-9930-f251af9e9647", "message": "Atomic Transaction failed - ROLLBACK TRIGGERED | Error: Object of type Decimal is not JSON serializable\nTraceback:\nTraceback (most recent call last):\n  File \"C:\\Users\\user\\Desktop\\MTO\\db_manager.py\", line 383, in execute_transaction\n    result = operation(cur)\n  File \"C:\\Users\\user\\Desktop\\MTO\\backend\\services\\property_service.py\", line 148, in transaction_wrapper\n    log_data_change(user[\"id\"] if user else 0, \"properties\", prop_id, action, before=before_data, after=after_data)\n    ~~~~~~~~~~~~~~~^^^^^^^^^^^^^^^^^^^^^^^^^^^^^^^^^^^^^^^^^^^^^^^^^^^^^^^^^^^^^^^^^^^^^^^^^^^^^^^^^^^^^^^^^^^^^^^^\n  File \"C:\\Users\\user\\Desktop\\MTO\\backend\\services\\history_service.py\", line 18, in log_data_change\n    before_json = json.dumps(before) if before else None\n                  ~~~~~~~~~~^^^^^^^^\n  File \"C:\\Program Files\\Python314\\Lib\\json\\__init__.py\", line 235, in dumps\n    return _default_encoder.encode(obj)\n           ~~~~~~~~~~~~~~~~~~~~~~~^^^^^\n  File \"C:\\Program Files\\Python314\\Lib\\json\\encoder.py\", line 202, in encode\n    chunks = self.iterencode(o, _one_shot=True)\n  File \"C:\\Program Files\\Python314\\Lib\\json\\encoder.py\", line 263, in iterencode\n    return _iterencode(o, 0)\n  File \"C:\\Program Files\\Python314\\Lib\\json\\encoder.py\", line 182, in default\n    raise TypeError(f'Object of type {o.__class__.__name__} '\n                    f'is not JSON serializable')\nTypeError: Object of type Decimal is not JSON serializable\nwhen serializing dict item 'assessed_value'\n"}
{"timestamp": "2026-05-13 11:14:40", "level": "ERROR", "logger": "MTOSystem", "request_id": "1591c73a-837c-440d-8e55-357600efe554", "message": "Atomic Transaction failed | Error: Offline Sync Conflict Detected.\nTraceback:\nTraceback (most recent call last):\n  File \"C:\\Users\\user\\Desktop\\MTO\\db_manager.py\", line 468, in execute_transaction\n    result = operation(cur)\n  File \"C:\\Users\\user\\Desktop\\MTO\\backend\\services\\property_service.py\", line 122, in transaction_wrapper\n    prop_id, old_data, conflict_info = _upsert_property_record(cur, params, editing_id, client_version)\n                                       ~~~~~~~~~~~~~~~~~~~~~~~^^^^^^^^^^^^^^^^^^^^^^^^^^^^^^^^^^^^^^^^^\n  File \"C:\\Users\\user\\Desktop\\MTO\\backend\\services\\property_service.py\", line 221, in _upsert_property_record\n    raise SyncConflictError(server_data_dict, params)\nbackend.services.property_service.SyncConflictError: Offline Sync Conflict Detected.\n"}
{"timestamp": "2026-05-13 11:17:25", "level": "ERROR", "logger": "MTOSystem", "request_id": "17028f0f-dc28-4ded-9a4e-a774202a5a61", "message": "Atomic Transaction failed | Error: Offline Sync Conflict Detected.\nTraceback:\nTraceback (most recent call last):\n  File \"C:\\Users\\user\\Desktop\\MTO\\db_manager.py\", line 468, in execute_transaction\n    result = operation(cur)\n  File \"C:\\Users\\user\\Desktop\\MTO\\backend\\services\\property_service.py\", line 121, in transaction_wrapper\n    prop_id, old_data, conflict_info = _upsert_property_record(cur, params, editing_id, client_version)\n                                       ~~~~~~~~~~~~~~~~~~~~~~~^^^^^^^^^^^^^^^^^^^^^^^^^^^^^^^^^^^^^^^^^\n  File \"C:\\Users\\user\\Desktop\\MTO\\backend\\services\\property_service.py\", line 212, in _upsert_property_record\n    raise SyncConflictError(server_data_dict, params)\nbackend.services.property_service.SyncConflictError: Offline Sync Conflict Detected.\n"}
{"timestamp": "2026-05-13 11:21:57", "level": "ERROR", "logger": "MTOSystem", "request_id": "62ce90b6-6798-4dee-9ac9-1acda198c6ec", "message": "Atomic Transaction failed | Error: Offline Sync Conflict Detected.\nTraceback:\nTraceback (most recent call last):\n  File \"C:\\Users\\user\\Desktop\\MTO\\db_manager.py\", line 468, in execute_transaction\n    result = operation(cur)\n  File \"C:\\Users\\user\\Desktop\\MTO\\backend\\services\\property_service.py\", line 121, in transaction_wrapper\n    prop_id, old_data, conflict_info = _upsert_property_record(cur, params, editing_id, client_version)\n                                       ~~~~~~~~~~~~~~~~~~~~~~~^^^^^^^^^^^^^^^^^^^^^^^^^^^^^^^^^^^^^^^^^\n  File \"C:\\Users\\user\\Desktop\\MTO\\backend\\services\\property_service.py\", line 215, in _upsert_property_record\n    raise SyncConflictError(server_data_dict, params)\nbackend.services.property_service.SyncConflictError: Offline Sync Conflict Detected.\n"}
{"timestamp": "2026-05-13 11:24:47", "level": "ERROR", "logger": "MTOSystem", "request_id": "bf463c88-5cb8-46ab-95da-d49db3f2f224", "message": "Atomic Transaction failed | Error: Offline Sync Conflict Detected.\nTraceback:\nTraceback (most recent call last):\n  File \"C:\\Users\\user\\Desktop\\MTO\\db_manager.py\", line 468, in execute_transaction\n    result = operation(cur)\n  File \"C:\\Users\\user\\Desktop\\MTO\\backend\\services\\property_service.py\", line 121, in transaction_wrapper\n    prop_id, old_data, conflict_info = _upsert_property_record(cur, params, editing_id, client_version)\n                                       ~~~~~~~~~~~~~~~~~~~~~~~^^^^^^^^^^^^^^^^^^^^^^^^^^^^^^^^^^^^^^^^^\n  File \"C:\\Users\\user\\Desktop\\MTO\\backend\\services\\property_service.py\", line 215, in _upsert_property_record\n    raise SyncConflictError(server_data_dict, params)\nbackend.services.property_service.SyncConflictError: Offline Sync Conflict Detected.\n"}
{"timestamp": "2026-05-13 11:26:15", "level": "ERROR", "logger": "MTOSystem", "request_id": "06e844f2-c0fe-4f3c-a5cc-1fb778b4bf96", "message": "Atomic Transaction failed | Error: Offline Sync Conflict Detected.\nTraceback:\nTraceback (most recent call last):\n  File \"C:\\Users\\user\\Desktop\\MTO\\db_manager.py\", line 468, in execute_transaction\n    result = operation(cur)\n  File \"C:\\Users\\user\\Desktop\\MTO\\backend\\services\\property_service.py\", line 121, in transaction_wrapper\n    prop_id, old_data, conflict_info = _upsert_property_record(cur, params, editing_id, client_version)\n                                       ~~~~~~~~~~~~~~~~~~~~~~~^^^^^^^^^^^^^^^^^^^^^^^^^^^^^^^^^^^^^^^^^\n  File \"C:\\Users\\user\\Desktop\\MTO\\backend\\services\\property_service.py\", line 215, in _upsert_property_record\n    raise SyncConflictError(server_data_dict, params)\nbackend.services.property_service.SyncConflictError: Offline Sync Conflict Detected.\n"}
{"timestamp": "2026-05-13 11:28:46", "level": "ERROR", "logger": "MTOSystem", "request_id": "0ba2d57a-5d31-4364-b56b-fa86a4cadddb", "message": "Atomic Transaction failed | Error: Offline Sync Conflict Detected.\nTraceback:\nTraceback (most recent call last):\n  File \"C:\\Users\\user\\Desktop\\MTO\\db_manager.py\", line 468, in execute_transaction\n    result = operation(cur)\n  File \"C:\\Users\\user\\Desktop\\MTO\\backend\\services\\property_service.py\", line 122, in transaction_wrapper\n    prop_id, old_data, conflict_info = _upsert_property_record(cur, params, editing_id, client_version)\n                                       ~~~~~~~~~~~~~~~~~~~~~~~^^^^^^^^^^^^^^^^^^^^^^^^^^^^^^^^^^^^^^^^^\n  File \"C:\\Users\\user\\Desktop\\MTO\\backend\\services\\property_service.py\", line 216, in _upsert_property_record\n    raise SyncConflictError(server_data_dict, params)\nbackend.services.property_service.SyncConflictError: Offline Sync Conflict Detected.\n"}
{"timestamp": "2026-05-13 11:44:01", "level": "ERROR", "logger": "MTOSystem", "request_id": "SYSTEM", "message": "Login Background Task Failed | Error: HTTPSConnectionPool(host='localhost', port=8001): Max retries exceeded with url: /token (Caused by NewConnectionError(\"HTTPSConnection(host='localhost', port=8001): Failed to establish a new connection: [WinError 10061] No connection could be made because the target machine actively refused it\"))\nTraceback:\nTraceback (most recent call last):\n  File \"C:\\Users\\user\\Desktop\\MTO\\venv\\Lib\\site-packages\\urllib3\\connection.py\", line 204, in _new_conn\n    sock = connection.create_connection(\n        (self._dns_host, self.port),\n    ...<2 lines>...\n        socket_options=self.socket_options,\n    )\n  File \"C:\\Users\\user\\Desktop\\MTO\\venv\\Lib\\site-packages\\urllib3\\util\\connection.py\", line 85, in create_connection\n    raise err\n  File \"C:\\Users\\user\\Desktop\\MTO\\venv\\Lib\\site-packages\\urllib3\\util\\connection.py\", line 73, in create_connection\n    sock.connect(sa)\n    ~~~~~~~~~~~~^^^^\nConnectionRefusedError: [WinError 10061] No connection could be made because the target machine actively refused it\n\nThe above exception was the direct cause of the following exception:\n\nTraceback (most recent call last):\n  File \"C:\\Users\\user\\Desktop\\MTO\\venv\\Lib\\site-packages\\urllib3\\connectionpool.py\", line 787, in urlopen\n    response = self._make_request(\n        conn,\n    ...<10 lines>...\n        **response_kw,\n    )\n  File \"C:\\Users\\user\\Desktop\\MTO\\venv\\Lib\\site-packages\\urllib3\\connectionpool.py\", line 488, in _make_request\n    raise new_e\n  File \"C:\\Users\\user\\Desktop\\MTO\\venv\\Lib\\site-packages\\urllib3\\connectionpool.py\", line 464, in _make_request\n    self._validate_conn(conn)\n    ~~~~~~~~~~~~~~~~~~~^^^^^^\n  File \"C:\\Users\\user\\Desktop\\MTO\\venv\\Lib\\site-packages\\urllib3\\connectionpool.py\", line 1093, in _validate_conn\n    conn.connect()\n    ~~~~~~~~~~~~^^\n  File \"C:\\Users\\user\\Desktop\\MTO\\venv\\Lib\\site-packages\\urllib3\\connection.py\", line 759, in connect\n    self.sock = sock = self._new_conn()\n                       ~~~~~~~~~~~~~~^^\n  File \"C:\\Users\\user\\Desktop\\MTO\\venv\\Lib\\site-packages\\urllib3\\connection.py\", line 219, in _new_conn\n    raise NewConnectionError(\n        self, f\"Failed to establish a new connection: {e}\"\n    ) from e\nurllib3.exceptions.NewConnectionError: HTTPSConnection(host='localhost', port=8001): Failed to establish a new connection: [WinError 10061] No connection could be made because the target machine actively refused it\n\nThe above exception was the direct cause of the following exception:\n\nTraceback (most recent call last):\n  File \"C:\\Users\\user\\Desktop\\MTO\\venv\\Lib\\site-packages\\requests\\adapters.py\", line 645, in send\n    resp = conn.urlopen(\n        method=request.method,\n    ...<9 lines>...\n        chunked=chunked,\n    )\n  File \"C:\\Users\\user\\Desktop\\MTO\\venv\\Lib\\site-packages\\urllib3\\connectionpool.py\", line 841, in urlopen\n    retries = retries.increment(\n        method, url, error=new_e, _pool=self, _stacktrace=sys.exc_info()[2]\n    )\n  File \"C:\\Users\\user\\Desktop\\MTO\\venv\\Lib\\site-packages\\urllib3\\util\\retry.py\", line 535, in increment\n    raise MaxRetryError(_pool, url, reason) from reason  # type: ignore[arg-type]\n    ^^^^^^^^^^^^^^^^^^^^^^^^^^^^^^^^^^^^^^^^^^^^^^^^^^^\nurllib3.exceptions.MaxRetryError: HTTPSConnectionPool(host='localhost', port=8001): Max retries exceeded with url: /token (Caused by NewConnectionError(\"HTTPSConnection(host='localhost', port=8001): Failed to establish a new connection: [WinError 10061] No connection could be made because the target machine actively refused it\"))\n\nDuring handling of the above exception, another exception occurred:\n\nTraceback (most recent call last):\n  File \"C:\\Users\\user\\Desktop\\MTO\\main.py\", line 194, in do_login\n    auth_result = verify_user_login(u, p)\n  File \"C:\\Users\\user\\Desktop\\MTO\\api_clients\\auth_service.py\", line 96, in verify_user_login\n    raise e\n  File \"C:\\Users\\user\\Desktop\\MTO\\api_clients\\auth_service.py\", line 81, in verify_user_login\n    response = requests.post(f\"{API_BASE_URL}/token\", data=payload, headers=headers, verify=verify_param, timeout=15)\n  File \"C:\\Users\\user\\Desktop\\MTO\\venv\\Lib\\site-packages\\requests\\api.py\", line 115, in post\n    return request(\"post\", url, data=data, json=json, **kwargs)\n  File \"C:\\Users\\user\\Desktop\\MTO\\venv\\Lib\\site-packages\\requests\\api.py\", line 59, in request\n    return session.request(method=method, url=url, **kwargs)\n           ~~~~~~~~~~~~~~~^^^^^^^^^^^^^^^^^^^^^^^^^^^^^^^^^^\n  File \"C:\\Users\\user\\Desktop\\MTO\\venv\\Lib\\site-packages\\requests\\sessions.py\", line 592, in request\n    resp = self.send(prep, **send_kwargs)\n  File \"C:\\Users\\user\\Desktop\\MTO\\venv\\Lib\\site-packages\\requests\\sessions.py\", line 706, in send\n    r = adapter.send(request, **kwargs)\n  File \"C:\\Users\\user\\Desktop\\MTO\\venv\\Lib\\site-packages\\requests\\adapters.py\", line 678, in send\n    raise ConnectionError(e, request=request)\nrequests.exceptions.ConnectionError: HTTPSConnectionPool(host='localhost', port=8001): Max retries exceeded with url: /token (Caused by NewConnectionError(\"HTTPSConnection(host='localhost', port=8001): Failed to establish a new connection: [WinError 10061] No connection could be made because the target machine actively refused it\"))\n"}
{"timestamp": "2026-05-13 13:10:59", "level": "ERROR", "logger": "MTOSystem", "request_id": "SYSTEM", "message": "Hybrid Backup Orchestrator Error | Error: No module named 'services'\nTraceback:\nTraceback (most recent call last):\n  File \"C:\\Users\\user\\Desktop\\MTO\\backend\\services\\backup_service.py\", line 98, in run_hybrid_backup\n    await report_progress(1, 10, \"Creating local SQL dump...\")\n  File \"C:\\Users\\user\\Desktop\\MTO\\backend\\services\\backup_service.py\", line 87, in report_progress\n    from backend.main import manager\n  File \"C:\\Users\\user\\Desktop\\MTO\\backend\\main.py\", line 93, in <module>\n    import backend.services.property_service as prop_svc\n  File \"C:\\Users\\user\\Desktop\\MTO\\backend\\services\\property_service.py\", line 5, in <module>\n    import backend.services.payment_service as payment\n  File \"C:\\Users\\user\\Desktop\\MTO\\backend\\services\\payment_service.py\", line 4, in <module>\n    from services.auth_service import get_username, require_permission\nModuleNotFoundError: No module named 'services'\n"}
{"timestamp": "2026-05-14 09:49:21", "level": "ERROR", "logger": "MTOSystem", "request_id": "SYSTEM", "message": "Login Background Task Failed | Error: HTTPSConnectionPool(host='localhost', port=8001): Max retries exceeded with url: /token (Caused by NewConnectionError(\"HTTPSConnection(host='localhost', port=8001): Failed to establish a new connection: [WinError 10061] No connection could be made because the target machine actively refused it\"))\nTraceback:\nTraceback (most recent call last):\n  File \"C:\\Users\\user\\Desktop\\MTO\\venv\\Lib\\site-packages\\urllib3\\connection.py\", line 204, in _new_conn\n    sock = connection.create_connection(\n        (self._dns_host, self.port),\n    ...<2 lines>...\n        socket_options=self.socket_options,\n    )\n  File \"C:\\Users\\user\\Desktop\\MTO\\venv\\Lib\\site-packages\\urllib3\\util\\connection.py\", line 85, in create_connection\n    raise err\n  File \"C:\\Users\\user\\Desktop\\MTO\\venv\\Lib\\site-packages\\urllib3\\util\\connection.py\", line 73, in create_connection\n    sock.connect(sa)\n    ~~~~~~~~~~~~^^^^\nConnectionRefusedError: [WinError 10061] No connection could be made because the target machine actively refused it\n\nThe above exception was the direct cause of the following exception:\n\nTraceback (most recent call last):\n  File \"C:\\Users\\user\\Desktop\\MTO\\venv\\Lib\\site-packages\\urllib3\\connectionpool.py\", line 787, in urlopen\n    response = self._make_request(\n        conn,\n    ...<10 lines>...\n        **response_kw,\n    )\n  File \"C:\\Users\\user\\Desktop\\MTO\\venv\\Lib\\site-packages\\urllib3\\connectionpool.py\", line 488, in _make_request\n    raise new_e\n  File \"C:\\Users\\user\\Desktop\\MTO\\venv\\Lib\\site-packages\\urllib3\\connectionpool.py\", line 464, in _make_request\n    self._validate_conn(conn)\n    ~~~~~~~~~~~~~~~~~~~^^^^^^\n  File \"C:\\Users\\user\\Desktop\\MTO\\venv\\Lib\\site-packages\\urllib3\\connectionpool.py\", line 1093, in _validate_conn\n    conn.connect()\n    ~~~~~~~~~~~~^^\n  File \"C:\\Users\\user\\Desktop\\MTO\\venv\\Lib\\site-packages\\urllib3\\connection.py\", line 759, in connect\n    self.sock = sock = self._new_conn()\n                       ~~~~~~~~~~~~~~^^\n  File \"C:\\Users\\user\\Desktop\\MTO\\venv\\Lib\\site-packages\\urllib3\\connection.py\", line 219, in _new_conn\n    raise NewConnectionError(\n        self, f\"Failed to establish a new connection: {e}\"\n    ) from e\nurllib3.exceptions.NewConnectionError: HTTPSConnection(host='localhost', port=8001): Failed to establish a new connection: [WinError 10061] No connection could be made because the target machine actively refused it\n\nThe above exception was the direct cause of the following exception:\n\nTraceback (most recent call last):\n  File \"C:\\Users\\user\\Desktop\\MTO\\venv\\Lib\\site-packages\\requests\\adapters.py\", line 645, in send\n    resp = conn.urlopen(\n        method=request.method,\n    ...<9 lines>...\n        chunked=chunked,\n    )\n  File \"C:\\Users\\user\\Desktop\\MTO\\venv\\Lib\\site-packages\\urllib3\\connectionpool.py\", line 841, in urlopen\n    retries = retries.increment(\n        method, url, error=new_e, _pool=self, _stacktrace=sys.exc_info()[2]\n    )\n  File \"C:\\Users\\user\\Desktop\\MTO\\venv\\Lib\\site-packages\\urllib3\\util\\retry.py\", line 535, in increment\n    raise MaxRetryError(_pool, url, reason) from reason  # type: ignore[arg-type]\n    ^^^^^^^^^^^^^^^^^^^^^^^^^^^^^^^^^^^^^^^^^^^^^^^^^^^\nurllib3.exceptions.MaxRetryError: HTTPSConnectionPool(host='localhost', port=8001): Max retries exceeded with url: /token (Caused by NewConnectionError(\"HTTPSConnection(host='localhost', port=8001): Failed to establish a new connection: [WinError 10061] No connection could be made because the target machine actively refused it\"))\n\nDuring handling of the above exception, another exception occurred:\n\nTraceback (most recent call last):\n  File \"C:\\Users\\user\\Desktop\\MTO\\main.py\", line 194, in do_login\n    auth_result = verify_user_login(u, p)\n  File \"C:\\Users\\user\\Desktop\\MTO\\api_clients\\auth_service.py\", line 96, in verify_user_login\n    raise e\n  File \"C:\\Users\\user\\Desktop\\MTO\\api_clients\\auth_service.py\", line 81, in verify_user_login\n    response = requests.post(f\"{API_BASE_URL}/token\", data=payload, headers=headers, verify=verify_param, timeout=15)\n  File \"C:\\Users\\user\\Desktop\\MTO\\venv\\Lib\\site-packages\\requests\\api.py\", line 115, in post\n    return request(\"post\", url, data=data, json=json, **kwargs)\n  File \"C:\\Users\\user\\Desktop\\MTO\\venv\\Lib\\site-packages\\requests\\api.py\", line 59, in request\n    return session.request(method=method, url=url, **kwargs)\n           ~~~~~~~~~~~~~~~^^^^^^^^^^^^^^^^^^^^^^^^^^^^^^^^^^\n  File \"C:\\Users\\user\\Desktop\\MTO\\venv\\Lib\\site-packages\\requests\\sessions.py\", line 592, in request\n    resp = self.send(prep, **send_kwargs)\n  File \"C:\\Users\\user\\Desktop\\MTO\\venv\\Lib\\site-packages\\requests\\sessions.py\", line 706, in send\n    r = adapter.send(request, **kwargs)\n  File \"C:\\Users\\user\\Desktop\\MTO\\venv\\Lib\\site-packages\\requests\\adapters.py\", line 678, in send\n    raise ConnectionError(e, request=request)\nrequests.exceptions.ConnectionError: HTTPSConnectionPool(host='localhost', port=8001): Max retries exceeded with url: /token (Caused by NewConnectionError(\"HTTPSConnection(host='localhost', port=8001): Failed to establish a new connection: [WinError 10061] No connection could be made because the target machine actively refused it\"))\n"}
{"timestamp": "2026-05-14 09:51:02", "level": "ERROR", "logger": "MTOSystem", "request_id": "SYSTEM", "message": "Login Background Task Failed | Error: Server error: 401\nTraceback:\nTraceback (most recent call last):\n  File \"C:\\Users\\user\\Desktop\\MTO\\api_clients\\auth_service.py\", line 91, in verify_user_login\n    raise Exception(err_detail)\nException: (pymysql.err.ProgrammingError) (1146, \"Table 'property_system.refresh_tokens' doesn't exist\")\n[SQL: INSERT INTO refresh_tokens (user_id, token, expires_at, is_revoked) VALUES (%(user_id)s, %(token)s, %(expires_at)s, %(is_revoked)s)]\n[parameters: {'user_id': 3, 'token': 'JEZ7ldx2-pO6FnnUaEjzwcNLAol0IksCXG8M7X_bpiJ7HIV8C6JFkHCRXjfPwJK291THfBlVT5THEmHnh6bIQw', 'expires_at': datetime.datetime(2026, 5, 21, 9, 51, 2, 396873), 'is_revoked': 0}]\n(Background on this error at: https://sqlalche.me/e/20/f405)\n\nDuring handling of the above exception, another exception occurred:\n\nTraceback (most recent call last):\n  File \"C:\\Users\\user\\Desktop\\MTO\\main.py\", line 194, in do_login\n    auth_result = verify_user_login(u, p)\n  File \"C:\\Users\\user\\Desktop\\MTO\\api_clients\\auth_service.py\", line 96, in verify_user_login\n    raise e\n  File \"C:\\Users\\user\\Desktop\\MTO\\api_clients\\auth_service.py\", line 93, in verify_user_login\n    raise Exception(f\"Server error: {response.status_code}\")\nException: Server error: 401\n"}
{"timestamp": "2026-05-14 10:06:02", "level": "ERROR", "logger": "MTOSystem", "request_id": "SYSTEM", "message": "Login Background Task Failed | Error: Server error: 401\nTraceback:\nTraceback (most recent call last):\n  File \"C:\\Users\\user\\Desktop\\MTO\\api_clients\\auth_service.py\", line 91, in verify_user_login\n    raise Exception(err_detail)\nException: Invalid password. 4 attempt(s) remaining before lockout.\n\nDuring handling of the above exception, another exception occurred:\n\nTraceback (most recent call last):\n  File \"C:\\Users\\user\\Desktop\\MTO\\main.py\", line 194, in do_login\n    auth_result = verify_user_login(u, p)\n  File \"C:\\Users\\user\\Desktop\\MTO\\api_clients\\auth_service.py\", line 96, in verify_user_login\n    raise e\n  File \"C:\\Users\\user\\Desktop\\MTO\\api_clients\\auth_service.py\", line 93, in verify_user_login\n    raise Exception(f\"Server error: {response.status_code}\")\nException: Server error: 401\n"}
{"timestamp": "2026-05-14 10:34:36", "level": "ERROR", "logger": "MTOSystem", "request_id": "SYSTEM", "message": "Login Background Task Failed | Error: HTTPSConnectionPool(host='localhost', port=8001): Max retries exceeded with url: /token (Caused by NewConnectionError(\"HTTPSConnection(host='localhost', port=8001): Failed to establish a new connection: [WinError 10061] No connection could be made because the target machine actively refused it\"))\nTraceback:\nTraceback (most recent call last):\n  File \"C:\\Users\\user\\Desktop\\MTO\\venv\\Lib\\site-packages\\urllib3\\connection.py\", line 204, in _new_conn\n    sock = connection.create_connection(\n        (self._dns_host, self.port),\n    ...<2 lines>...\n        socket_options=self.socket_options,\n    )\n  File \"C:\\Users\\user\\Desktop\\MTO\\venv\\Lib\\site-packages\\urllib3\\util\\connection.py\", line 85, in create_connection\n    raise err\n  File \"C:\\Users\\user\\Desktop\\MTO\\venv\\Lib\\site-packages\\urllib3\\util\\connection.py\", line 73, in create_connection\n    sock.connect(sa)\n    ~~~~~~~~~~~~^^^^\nConnectionRefusedError: [WinError 10061] No connection could be made because the target machine actively refused it\n\nThe above exception was the direct cause of the following exception:\n\nTraceback (most recent call last):\n  File \"C:\\Users\\user\\Desktop\\MTO\\venv\\Lib\\site-packages\\urllib3\\connectionpool.py\", line 787, in urlopen\n    response = self._make_request(\n        conn,\n    ...<10 lines>...\n        **response_kw,\n    )\n  File \"C:\\Users\\user\\Desktop\\MTO\\venv\\Lib\\site-packages\\urllib3\\connectionpool.py\", line 488, in _make_request\n    raise new_e\n  File \"C:\\Users\\user\\Desktop\\MTO\\venv\\Lib\\site-packages\\urllib3\\connectionpool.py\", line 464, in _make_request\n    self._validate_conn(conn)\n    ~~~~~~~~~~~~~~~~~~~^^^^^^\n  File \"C:\\Users\\user\\Desktop\\MTO\\venv\\Lib\\site-packages\\urllib3\\connectionpool.py\", line 1093, in _validate_conn\n    conn.connect()\n    ~~~~~~~~~~~~^^\n  File \"C:\\Users\\user\\Desktop\\MTO\\venv\\Lib\\site-packages\\urllib3\\connection.py\", line 759, in connect\n    self.sock = sock = self._new_conn()\n                       ~~~~~~~~~~~~~~^^\n  File \"C:\\Users\\user\\Desktop\\MTO\\venv\\Lib\\site-packages\\urllib3\\connection.py\", line 219, in _new_conn\n    raise NewConnectionError(\n        self, f\"Failed to establish a new connection: {e}\"\n    ) from e\nurllib3.exceptions.NewConnectionError: HTTPSConnection(host='localhost', port=8001): Failed to establish a new connection: [WinError 10061] No connection could be made because the target machine actively refused it\n\nThe above exception was the direct cause of the following exception:\n\nTraceback (most recent call last):\n  File \"C:\\Users\\user\\Desktop\\MTO\\venv\\Lib\\site-packages\\requests\\adapters.py\", line 645, in send\n    resp = conn.urlopen(\n        method=request.method,\n    ...<9 lines>...\n        chunked=chunked,\n    )\n  File \"C:\\Users\\user\\Desktop\\MTO\\venv\\Lib\\site-packages\\urllib3\\connectionpool.py\", line 841, in urlopen\n    retries = retries.increment(\n        method, url, error=new_e, _pool=self, _stacktrace=sys.exc_info()[2]\n    )\n  File \"C:\\Users\\user\\Desktop\\MTO\\venv\\Lib\\site-packages\\urllib3\\util\\retry.py\", line 535, in increment\n    raise MaxRetryError(_pool, url, reason) from reason  # type: ignore[arg-type]\n    ^^^^^^^^^^^^^^^^^^^^^^^^^^^^^^^^^^^^^^^^^^^^^^^^^^^\nurllib3.exceptions.MaxRetryError: HTTPSConnectionPool(host='localhost', port=8001): Max retries exceeded with url: /token (Caused by NewConnectionError(\"HTTPSConnection(host='localhost', port=8001): Failed to establish a new connection: [WinError 10061] No connection could be made because the target machine actively refused it\"))\n\nDuring handling of the above exception, another exception occurred:\n\nTraceback (most recent call last):\n  File \"C:\\Users\\user\\Desktop\\MTO\\main.py\", line 194, in do_login\n    auth_result = verify_user_login(u, p)\n  File \"C:\\Users\\user\\Desktop\\MTO\\api_clients\\auth_service.py\", line 96, in verify_user_login\n    raise e\n  File \"C:\\Users\\user\\Desktop\\MTO\\api_clients\\auth_service.py\", line 81, in verify_user_login\n    response = requests.post(f\"{API_BASE_URL}/token\", data=payload, headers=headers, verify=verify_param, timeout=15)\n  File \"C:\\Users\\user\\Desktop\\MTO\\venv\\Lib\\site-packages\\requests\\api.py\", line 115, in post\n    return request(\"post\", url, data=data, json=json, **kwargs)\n  File \"C:\\Users\\user\\Desktop\\MTO\\venv\\Lib\\site-packages\\requests\\api.py\", line 59, in request\n    return session.request(method=method, url=url, **kwargs)\n           ~~~~~~~~~~~~~~~^^^^^^^^^^^^^^^^^^^^^^^^^^^^^^^^^^\n  File \"C:\\Users\\user\\Desktop\\MTO\\venv\\Lib\\site-packages\\requests\\sessions.py\", line 592, in request\n    resp = self.send(prep, **send_kwargs)\n  File \"C:\\Users\\user\\Desktop\\MTO\\venv\\Lib\\site-packages\\requests\\sessions.py\", line 706, in send\n    r = adapter.send(request, **kwargs)\n  File \"C:\\Users\\user\\Desktop\\MTO\\venv\\Lib\\site-packages\\requests\\adapters.py\", line 678, in send\n    raise ConnectionError(e, request=request)\nrequests.exceptions.ConnectionError: HTTPSConnectionPool(host='localhost', port=8001): Max retries exceeded with url: /token (Caused by NewConnectionError(\"HTTPSConnection(host='localhost', port=8001): Failed to establish a new connection: [WinError 10061] No connection could be made because the target machine actively refused it\"))\n"}
{"timestamp": "2026-05-14 13:32:22", "level": "ERROR", "logger": "MTOSystem", "request_id": "SYSTEM", "message": "Login Background Task Failed | Error: HTTPSConnectionPool(host='localhost', port=8001): Max retries exceeded with url: /token (Caused by SSLError(SSLError(1, '[SSL: WRONG_VERSION_NUMBER] wrong version number (_ssl.c:1081)')))\nTraceback:\nTraceback (most recent call last):\n  File \"C:\\Users\\user\\Desktop\\MTO\\venv\\Lib\\site-packages\\urllib3\\connectionpool.py\", line 464, in _make_request\n    self._validate_conn(conn)\n    ~~~~~~~~~~~~~~~~~~~^^^^^^\n  File \"C:\\Users\\user\\Desktop\\MTO\\venv\\Lib\\site-packages\\urllib3\\connectionpool.py\", line 1093, in _validate_conn\n    conn.connect()\n    ~~~~~~~~~~~~^^\n  File \"C:\\Users\\user\\Desktop\\MTO\\venv\\Lib\\site-packages\\urllib3\\connection.py\", line 796, in connect\n    sock_and_verified = _ssl_wrap_socket_and_match_hostname(\n        sock=sock,\n    ...<14 lines>...\n        assert_fingerprint=self.assert_fingerprint,\n    )\n  File \"C:\\Users\\user\\Desktop\\MTO\\venv\\Lib\\site-packages\\urllib3\\connection.py\", line 975, in _ssl_wrap_socket_and_match_hostname\n    ssl_sock = ssl_wrap_socket(\n        sock=sock,\n    ...<8 lines>...\n        tls_in_tls=tls_in_tls,\n    )\n  File \"C:\\Users\\user\\Desktop\\MTO\\venv\\Lib\\site-packages\\urllib3\\util\\ssl_.py\", line 483, in ssl_wrap_socket\n    ssl_sock = _ssl_wrap_socket_impl(sock, context, tls_in_tls, server_hostname)\n  File \"C:\\Users\\user\\Desktop\\MTO\\venv\\Lib\\site-packages\\urllib3\\util\\ssl_.py\", line 527, in _ssl_wrap_socket_impl\n    return ssl_context.wrap_socket(sock, server_hostname=server_hostname)\n           ~~~~~~~~~~~~~~~~~~~~~~~^^^^^^^^^^^^^^^^^^^^^^^^^^^^^^^^^^^^^^^\n  File \"C:\\Program Files\\Python314\\Lib\\ssl.py\", line 455, in wrap_socket\n    return self.sslsocket_class._create(\n           ~~~~~~~~~~~~~~~~~~~~~~~~~~~~^\n        sock=sock,\n        ^^^^^^^^^^\n    ...<5 lines>...\n        session=session\n        ^^^^^^^^^^^^^^^\n    )\n    ^\n  File \"C:\\Program Files\\Python314\\Lib\\ssl.py\", line 1076, in _create\n    self.do_handshake()\n    ~~~~~~~~~~~~~~~~~^^\n  File \"C:\\Program Files\\Python314\\Lib\\ssl.py\", line 1372, in do_handshake\n    self._sslobj.do_handshake()\n    ~~~~~~~~~~~~~~~~~~~~~~~~~^^\nssl.SSLError: [SSL: WRONG_VERSION_NUMBER] wrong version number (_ssl.c:1081)\n\nDuring handling of the above exception, another exception occurred:\n\nTraceback (most recent call last):\n  File \"C:\\Users\\user\\Desktop\\MTO\\venv\\Lib\\site-packages\\urllib3\\connectionpool.py\", line 787, in urlopen\n    response = self._make_request(\n        conn,\n    ...<10 lines>...\n        **response_kw,\n    )\n  File \"C:\\Users\\user\\Desktop\\MTO\\venv\\Lib\\site-packages\\urllib3\\connectionpool.py\", line 488, in _make_request\n    raise new_e\nurllib3.exceptions.SSLError: [SSL: WRONG_VERSION_NUMBER] wrong version number (_ssl.c:1081)\n\nThe above exception was the direct cause of the following exception:\n\nTraceback (most recent call last):\n  File \"C:\\Users\\user\\Desktop\\MTO\\venv\\Lib\\site-packages\\requests\\adapters.py\", line 645, in send\n    resp = conn.urlopen(\n        method=request.method,\n    ...<9 lines>...\n        chunked=chunked,\n    )\n  File \"C:\\Users\\user\\Desktop\\MTO\\venv\\Lib\\site-packages\\urllib3\\connectionpool.py\", line 841, in urlopen\n    retries = retries.increment(\n        method, url, error=new_e, _pool=self, _stacktrace=sys.exc_info()[2]\n    )\n  File \"C:\\Users\\user\\Desktop\\MTO\\venv\\Lib\\site-packages\\urllib3\\util\\retry.py\", line 535, in increment\n    raise MaxRetryError(_pool, url, reason) from reason  # type: ignore[arg-type]\n    ^^^^^^^^^^^^^^^^^^^^^^^^^^^^^^^^^^^^^^^^^^^^^^^^^^^\nurllib3.exceptions.MaxRetryError: HTTPSConnectionPool(host='localhost', port=8001): Max retries exceeded with url: /token (Caused by SSLError(SSLError(1, '[SSL: WRONG_VERSION_NUMBER] wrong version number (_ssl.c:1081)')))\n\nDuring handling of the above exception, another exception occurred:\n\nTraceback (most recent call last):\n  File \"C:\\Users\\user\\Desktop\\MTO\\main.py\", line 194, in do_login\n    auth_result = verify_user_login(u, p)\n  File \"C:\\Users\\user\\Desktop\\MTO\\api_clients\\auth_service.py\", line 96, in verify_user_login\n    raise e\n  File \"C:\\Users\\user\\Desktop\\MTO\\api_clients\\auth_service.py\", line 81, in verify_user_login\n    response = requests.post(f\"{API_BASE_URL}/token\", data=payload, headers=headers, verify=verify_param, timeout=15)\n  File \"C:\\Users\\user\\Desktop\\MTO\\venv\\Lib\\site-packages\\requests\\api.py\", line 115, in post\n    return request(\"post\", url, data=data, json=json, **kwargs)\n  File \"C:\\Users\\user\\Desktop\\MTO\\venv\\Lib\\site-packages\\requests\\api.py\", line 59, in request\n    return session.request(method=method, url=url, **kwargs)\n           ~~~~~~~~~~~~~~~^^^^^^^^^^^^^^^^^^^^^^^^^^^^^^^^^^\n  File \"C:\\Users\\user\\Desktop\\MTO\\venv\\Lib\\site-packages\\requests\\sessions.py\", line 592, in request\n    resp = self.send(prep, **send_kwargs)\n  File \"C:\\Users\\user\\Desktop\\MTO\\venv\\Lib\\site-packages\\requests\\sessions.py\", line 706, in send\n    r = adapter.send(request, **kwargs)\n  File \"C:\\Users\\user\\Desktop\\MTO\\venv\\Lib\\site-packages\\requests\\adapters.py\", line 676, in send\n    raise SSLError(e, request=request)\nrequests.exceptions.SSLError: HTTPSConnectionPool(host='localhost', port=8001): Max retries exceeded with url: /token (Caused by SSLError(SSLError(1, '[SSL: WRONG_VERSION_NUMBER] wrong version number (_ssl.c:1081)')))\n"}
{"timestamp": "2026-05-14 13:32:58", "level": "ERROR", "logger": "MTOSystem", "request_id": "SYSTEM", "message": "Login Background Task Failed | Error: HTTPSConnectionPool(host='localhost', port=8001): Max retries exceeded with url: /token (Caused by SSLError(SSLError(1, '[SSL: WRONG_VERSION_NUMBER] wrong version number (_ssl.c:1081)')))\nTraceback:\nTraceback (most recent call last):\n  File \"C:\\Users\\user\\Desktop\\MTO\\venv\\Lib\\site-packages\\urllib3\\connectionpool.py\", line 464, in _make_request\n    self._validate_conn(conn)\n    ~~~~~~~~~~~~~~~~~~~^^^^^^\n  File \"C:\\Users\\user\\Desktop\\MTO\\venv\\Lib\\site-packages\\urllib3\\connectionpool.py\", line 1093, in _validate_conn\n    conn.connect()\n    ~~~~~~~~~~~~^^\n  File \"C:\\Users\\user\\Desktop\\MTO\\venv\\Lib\\site-packages\\urllib3\\connection.py\", line 796, in connect\n    sock_and_verified = _ssl_wrap_socket_and_match_hostname(\n        sock=sock,\n    ...<14 lines>...\n        assert_fingerprint=self.assert_fingerprint,\n    )\n  File \"C:\\Users\\user\\Desktop\\MTO\\venv\\Lib\\site-packages\\urllib3\\connection.py\", line 975, in _ssl_wrap_socket_and_match_hostname\n    ssl_sock = ssl_wrap_socket(\n        sock=sock,\n    ...<8 lines>...\n        tls_in_tls=tls_in_tls,\n    )\n  File \"C:\\Users\\user\\Desktop\\MTO\\venv\\Lib\\site-packages\\urllib3\\util\\ssl_.py\", line 483, in ssl_wrap_socket\n    ssl_sock = _ssl_wrap_socket_impl(sock, context, tls_in_tls, server_hostname)\n  File \"C:\\Users\\user\\Desktop\\MTO\\venv\\Lib\\site-packages\\urllib3\\util\\ssl_.py\", line 527, in _ssl_wrap_socket_impl\n    return ssl_context.wrap_socket(sock, server_hostname=server_hostname)\n           ~~~~~~~~~~~~~~~~~~~~~~~^^^^^^^^^^^^^^^^^^^^^^^^^^^^^^^^^^^^^^^\n  File \"C:\\Program Files\\Python314\\Lib\\ssl.py\", line 455, in wrap_socket\n    return self.sslsocket_class._create(\n           ~~~~~~~~~~~~~~~~~~~~~~~~~~~~^\n        sock=sock,\n        ^^^^^^^^^^\n    ...<5 lines>...\n        session=session\n        ^^^^^^^^^^^^^^^\n    )\n    ^\n  File \"C:\\Program Files\\Python314\\Lib\\ssl.py\", line 1076, in _create\n    self.do_handshake()\n    ~~~~~~~~~~~~~~~~~^^\n  File \"C:\\Program Files\\Python314\\Lib\\ssl.py\", line 1372, in do_handshake\n    self._sslobj.do_handshake()\n    ~~~~~~~~~~~~~~~~~~~~~~~~~^^\nssl.SSLError: [SSL: WRONG_VERSION_NUMBER] wrong version number (_ssl.c:1081)\n\nDuring handling of the above exception, another exception occurred:\n\nTraceback (most recent call last):\n  File \"C:\\Users\\user\\Desktop\\MTO\\venv\\Lib\\site-packages\\urllib3\\connectionpool.py\", line 787, in urlopen\n    response = self._make_request(\n        conn,\n    ...<10 lines>...\n        **response_kw,\n    )\n  File \"C:\\Users\\user\\Desktop\\MTO\\venv\\Lib\\site-packages\\urllib3\\connectionpool.py\", line 488, in _make_request\n    raise new_e\nurllib3.exceptions.SSLError: [SSL: WRONG_VERSION_NUMBER] wrong version number (_ssl.c:1081)\n\nThe above exception was the direct cause of the following exception:\n\nTraceback (most recent call last):\n  File \"C:\\Users\\user\\Desktop\\MTO\\venv\\Lib\\site-packages\\requests\\adapters.py\", line 645, in send\n    resp = conn.urlopen(\n        method=request.method,\n    ...<9 lines>...\n        chunked=chunked,\n    )\n  File \"C:\\Users\\user\\Desktop\\MTO\\venv\\Lib\\site-packages\\urllib3\\connectionpool.py\", line 841, in urlopen\n    retries = retries.increment(\n        method, url, error=new_e, _pool=self, _stacktrace=sys.exc_info()[2]\n    )\n  File \"C:\\Users\\user\\Desktop\\MTO\\venv\\Lib\\site-packages\\urllib3\\util\\retry.py\", line 535, in increment\n    raise MaxRetryError(_pool, url, reason) from reason  # type: ignore[arg-type]\n    ^^^^^^^^^^^^^^^^^^^^^^^^^^^^^^^^^^^^^^^^^^^^^^^^^^^\nurllib3.exceptions.MaxRetryError: HTTPSConnectionPool(host='localhost', port=8001): Max retries exceeded with url: /token (Caused by SSLError(SSLError(1, '[SSL: WRONG_VERSION_NUMBER] wrong version number (_ssl.c:1081)')))\n\nDuring handling of the above exception, another exception occurred:\n\nTraceback (most recent call last):\n  File \"C:\\Users\\user\\Desktop\\MTO\\main.py\", line 194, in do_login\n    auth_result = verify_user_login(u, p)\n  File \"C:\\Users\\user\\Desktop\\MTO\\api_clients\\auth_service.py\", line 96, in verify_user_login\n    raise e\n  File \"C:\\Users\\user\\Desktop\\MTO\\api_clients\\auth_service.py\", line 81, in verify_user_login\n    response = requests.post(f\"{API_BASE_URL}/token\", data=payload, headers=headers, verify=verify_param, timeout=15)\n  File \"C:\\Users\\user\\Desktop\\MTO\\venv\\Lib\\site-packages\\requests\\api.py\", line 115, in post\n    return request(\"post\", url, data=data, json=json, **kwargs)\n  File \"C:\\Users\\user\\Desktop\\MTO\\venv\\Lib\\site-packages\\requests\\api.py\", line 59, in request\n    return session.request(method=method, url=url, **kwargs)\n           ~~~~~~~~~~~~~~~^^^^^^^^^^^^^^^^^^^^^^^^^^^^^^^^^^\n  File \"C:\\Users\\user\\Desktop\\MTO\\venv\\Lib\\site-packages\\requests\\sessions.py\", line 592, in request\n    resp = self.send(prep, **send_kwargs)\n  File \"C:\\Users\\user\\Desktop\\MTO\\venv\\Lib\\site-packages\\requests\\sessions.py\", line 706, in send\n    r = adapter.send(request, **kwargs)\n  File \"C:\\Users\\user\\Desktop\\MTO\\venv\\Lib\\site-packages\\requests\\adapters.py\", line 676, in send\n    raise SSLError(e, request=request)\nrequests.exceptions.SSLError: HTTPSConnectionPool(host='localhost', port=8001): Max retries exceeded with url: /token (Caused by SSLError(SSLError(1, '[SSL: WRONG_VERSION_NUMBER] wrong version number (_ssl.c:1081)')))\n"}
{"timestamp": "2026-05-14 13:35:16", "level": "ERROR", "logger": "MTOSystem", "request_id": "SYSTEM", "message": "Login Background Task Failed | Error: Server error: 405\nTraceback:\nTraceback (most recent call last):\n  File \"C:\\Users\\user\\Desktop\\MTO\\venv\\Lib\\site-packages\\requests\\models.py\", line 978, in json\n    return complexjson.loads(self.text, **kwargs)\n           ~~~~~~~~~~~~~~~~~^^^^^^^^^^^^^^^^^^^^^\n  File \"C:\\Program Files\\Python314\\Lib\\json\\__init__.py\", line 352, in loads\n    return _default_decoder.decode(s)\n           ~~~~~~~~~~~~~~~~~~~~~~~^^^\n  File \"C:\\Program Files\\Python314\\Lib\\json\\decoder.py\", line 345, in decode\n    obj, end = self.raw_decode(s, idx=_w(s, 0).end())\n               ~~~~~~~~~~~~~~~^^^^^^^^^^^^^^^^^^^^^^^\n  File \"C:\\Program Files\\Python314\\Lib\\json\\decoder.py\", line 363, in raw_decode\n    raise JSONDecodeError(\"Expecting value\", s, err.value) from None\njson.decoder.JSONDecodeError: Expecting value: line 2 column 5 (char 5)\n\nDuring handling of the above exception, another exception occurred:\n\nTraceback (most recent call last):\n  File \"C:\\Users\\user\\Desktop\\MTO\\api_clients\\auth_service.py\", line 90, in verify_user_login\n    err_detail = response.json().get(\"detail\", \"Login failed\")\n                 ~~~~~~~~~~~~~^^\n  File \"C:\\Users\\user\\Desktop\\MTO\\venv\\Lib\\site-packages\\requests\\models.py\", line 982, in json\n    raise RequestsJSONDecodeError(e.msg, e.doc, e.pos)\nrequests.exceptions.JSONDecodeError: Expecting value: line 2 column 5 (char 5)\n\nDuring handling of the above exception, another exception occurred:\n\nTraceback (most recent call last):\n  File \"C:\\Users\\user\\Desktop\\MTO\\main.py\", line 194, in do_login\n    auth_result = verify_user_login(u, p)\n  File \"C:\\Users\\user\\Desktop\\MTO\\api_clients\\auth_service.py\", line 96, in verify_user_login\n    raise e\n  File \"C:\\Users\\user\\Desktop\\MTO\\api_clients\\auth_service.py\", line 93, in verify_user_login\n    raise Exception(f\"Server error: {response.status_code}\")\nException: Server error: 405\n"}
{"timestamp": "2026-05-14 13:36:41", "level": "ERROR", "logger": "MTOSystem", "request_id": "23a789ed-d96a-461c-91a7-c812e2767bf1", "message": "Login Background Task Failed | Error: API Communication Error (Status 405): 405 Client Error: Method Not Allowed for url: http://localhost:8001/api/auth/login\nTraceback:\nTraceback (most recent call last):\n  File \"C:\\Users\\user\\Desktop\\MTO\\api_clients\\api_helper.py\", line 153, in api_request\n    response.raise_for_status()\n    ~~~~~~~~~~~~~~~~~~~~~~~~~^^\n  File \"C:\\Users\\user\\Desktop\\MTO\\venv\\Lib\\site-packages\\requests\\models.py\", line 1028, in raise_for_status\n    raise HTTPError(http_error_msg, response=self)\nrequests.exceptions.HTTPError: 405 Client Error: Method Not Allowed for url: http://localhost:8001/api/auth/login\n\nDuring handling of the above exception, another exception occurred:\n\nTraceback (most recent call last):\n  File \"C:\\Users\\user\\Desktop\\MTO\\main.py\", line 194, in do_login\n    auth_result = verify_user_login(u, p)\n  File \"C:\\Users\\user\\Desktop\\MTO\\api_clients\\auth_service.py\", line 83, in verify_user_login\n    raise e\n  File \"C:\\Users\\user\\Desktop\\MTO\\api_clients\\auth_service.py\", line 73, in verify_user_login\n    user_info = api_request(\"POST\", \"/api/auth/login\", data=payload)\n  File \"C:\\Users\\user\\Desktop\\MTO\\api_clients\\api_helper.py\", line 194, in api_request\n    raise Exception(error_msg)\nException: API Communication Error (Status 405): 405 Client Error: Method Not Allowed for url: http://localhost:8001/api/auth/login\n"}
{"timestamp": "2026-05-14 13:39:10", "level": "ERROR", "logger": "MTOSystem", "request_id": "687cece9-81ea-43a2-a420-8fdbc080a622", "message": "Login Background Task Failed | Error: Login response missing access token.\nTraceback:\nTraceback (most recent call last):\n  File \"C:\\Users\\user\\Desktop\\MTO\\main.py\", line 194, in do_login\n    auth_result = verify_user_login(u, p)\n  File \"C:\\Users\\user\\Desktop\\MTO\\api_clients\\auth_service.py\", line 83, in verify_user_login\n    raise e\n  File \"C:\\Users\\user\\Desktop\\MTO\\api_clients\\auth_service.py\", line 79, in verify_user_login\n    raise Exception(\"Login response missing access token.\")\nException: Login response missing access token.\n"}
{"timestamp": "2026-05-14 13:40:06", "level": "ERROR", "logger": "MTOSystem", "request_id": "0d3a59ac-5aad-4015-9821-a1cd38ec64d4", "message": "Login Background Task Failed | Error: Login response missing access token.\nTraceback:\nTraceback (most recent call last):\n  File \"C:\\Users\\user\\Desktop\\MTO\\main.py\", line 194, in do_login\n    auth_result = verify_user_login(u, p)\n  File \"C:\\Users\\user\\Desktop\\MTO\\api_clients\\auth_service.py\", line 85, in verify_user_login\n    raise e\n  File \"C:\\Users\\user\\Desktop\\MTO\\api_clients\\auth_service.py\", line 81, in verify_user_login\n    raise Exception(\"Login response missing access token.\")\nException: Login response missing access token.\n"}
{"timestamp": "2026-05-14 13:42:56", "level": "ERROR", "logger": "MTOSystem", "request_id": "0fe488e8-4d3c-4338-8f1b-0e06a624c940", "message": "Login Background Task Failed | Error: Login response missing access token.\nTraceback:\nTraceback (most recent call last):\n  File \"C:\\Users\\user\\Desktop\\MTO\\main.py\", line 194, in do_login\n    auth_result = verify_user_login(u, p)\n  File \"C:\\Users\\user\\Desktop\\MTO\\api_clients\\auth_service.py\", line 85, in verify_user_login\n    raise e\n  File \"C:\\Users\\user\\Desktop\\MTO\\api_clients\\auth_service.py\", line 81, in verify_user_login\n    raise Exception(\"Login response missing access token.\")\nException: Login response missing access token.\n"}
{"timestamp": "2026-05-14 13:47:51", "level": "ERROR", "logger": "MTOSystem", "request_id": "91d9c096-d890-43b5-bef8-b8f256b03c26", "message": "Login Background Task Failed | Error: Login response missing access token.\nTraceback:\nTraceback (most recent call last):\n  File \"C:\\Users\\user\\Desktop\\MTO\\main.py\", line 194, in do_login\n    auth_result = verify_user_login(u, p)\n  File \"C:\\Users\\user\\Desktop\\MTO\\api_clients\\auth_service.py\", line 85, in verify_user_login\n    raise e\n  File \"C:\\Users\\user\\Desktop\\MTO\\api_clients\\auth_service.py\", line 81, in verify_user_login\n    raise Exception(\"Login response missing access token.\")\nException: Login response missing access token.\n"}
{"timestamp": "2026-05-14 13:48:34", "level": "ERROR", "logger": "MTOSystem", "request_id": "7c75aa79-a35a-4c41-ab57-29f36b406a0a", "message": "Login Background Task Failed | Error: Login response missing access token.\nTraceback:\nTraceback (most recent call last):\n  File \"C:\\Users\\user\\Desktop\\MTO\\main.py\", line 194, in do_login\n    auth_result = verify_user_login(u, p)\n  File \"C:\\Users\\user\\Desktop\\MTO\\api_clients\\auth_service.py\", line 85, in verify_user_login\n    raise e\n  File \"C:\\Users\\user\\Desktop\\MTO\\api_clients\\auth_service.py\", line 81, in verify_user_login\n    raise Exception(\"Login response missing access token.\")\nException: Login response missing access token.\n"}
{"timestamp": "2026-05-18 07:45:19", "level": "ERROR", "logger": "MTOSystem", "request_id": "SYSTEM", "message": "Atomic Transaction failed | Error: (1060, \"Duplicate column name 'penalty'\")\nTraceback:\nTraceback (most recent call last):\n  File \"C:\\Users\\user\\Desktop\\MTO\\db_manager.py\", line 486, in execute_transaction\n    result = operation(cur)\n  File \"C:\\Users\\user\\Desktop\\MTO\\migration_manager.py\", line 38, in transaction\n    cur.execute(stmt)\n    ~~~~~~~~~~~^^^^^^\n  File \"C:\\Users\\user\\AppData\\Roaming\\Python\\Python314\\site-packages\\pymysql\\cursors.py\", line 157, in execute\n    result = self._query(query)\n  File \"C:\\Users\\user\\AppData\\Roaming\\Python\\Python314\\site-packages\\pymysql\\cursors.py\", line 328, in _query\n    conn.query(q)\n    ~~~~~~~~~~^^^\n  File \"C:\\Users\\user\\AppData\\Roaming\\Python\\Python314\\site-packages\\pymysql\\connections.py\", line 575, in query\n    self._affected_rows = self._read_query_result(unbuffered=unbuffered)\n                          ~~~~~~~~~~~~~~~~~~~~~~~^^^^^^^^^^^^^^^^^^^^^^^\n  File \"C:\\Users\\user\\AppData\\Roaming\\Python\\Python314\\site-packages\\pymysql\\connections.py\", line 826, in _read_query_result\n    result.read()\n    ~~~~~~~~~~~^^\n  File \"C:\\Users\\user\\AppData\\Roaming\\Python\\Python314\\site-packages\\pymysql\\connections.py\", line 1203, in read\n    first_packet = self.connection._read_packet()\n  File \"C:\\Users\\user\\AppData\\Roaming\\Python\\Python314\\site-packages\\pymysql\\connections.py\", line 782, in _read_packet\n    packet.raise_for_error()\n    ~~~~~~~~~~~~~~~~~~~~~~^^\n  File \"C:\\Users\\user\\AppData\\Roaming\\Python\\Python314\\site-packages\\pymysql\\protocol.py\", line 219, in raise_for_error\n    err.raise_mysql_exception(self._data)\n    ~~~~~~~~~~~~~~~~~~~~~~~~~^^^^^^^^^^^^\n  File \"C:\\Users\\user\\AppData\\Roaming\\Python\\Python314\\site-packages\\pymysql\\err.py\", line 150, in raise_mysql_exception\n    raise errorclass(errno, errval)\npymysql.err.OperationalError: (1060, \"Duplicate column name 'penalty'\")\n"}
{"timestamp": "2026-05-18 11:19:08", "level": "ERROR", "logger": "MTOSystem", "request_id": "2b146448-332a-48c7-9fb1-3cd2f66276ee", "message": "Login Background Task Failed | Error: Cannot reach API server at https://localhost:8001. Start the API server and verify server_config.json.\nTraceback:\nTraceback (most recent call last):\n  File \"C:\\Users\\user\\Desktop\\MTO\\VENV\\Lib\\site-packages\\urllib3\\connectionpool.py\", line 464, in _make_request\n    self._validate_conn(conn)\n    ~~~~~~~~~~~~~~~~~~~^^^^^^\n  File \"C:\\Users\\user\\Desktop\\MTO\\VENV\\Lib\\site-packages\\urllib3\\connectionpool.py\", line 1093, in _validate_conn\n    conn.connect()\n    ~~~~~~~~~~~~^^\n  File \"C:\\Users\\user\\Desktop\\MTO\\VENV\\Lib\\site-packages\\urllib3\\connection.py\", line 796, in connect\n    sock_and_verified = _ssl_wrap_socket_and_match_hostname(\n        sock=sock,\n    ...<14 lines>...\n        assert_fingerprint=self.assert_fingerprint,\n    )\n  File \"C:\\Users\\user\\Desktop\\MTO\\VENV\\Lib\\site-packages\\urllib3\\connection.py\", line 975, in _ssl_wrap_socket_and_match_hostname\n    ssl_sock = ssl_wrap_socket(\n        sock=sock,\n    ...<8 lines>...\n        tls_in_tls=tls_in_tls,\n    )\n  File \"C:\\Users\\user\\Desktop\\MTO\\VENV\\Lib\\site-packages\\urllib3\\util\\ssl_.py\", line 483, in ssl_wrap_socket\n    ssl_sock = _ssl_wrap_socket_impl(sock, context, tls_in_tls, server_hostname)\n  File \"C:\\Users\\user\\Desktop\\MTO\\VENV\\Lib\\site-packages\\urllib3\\util\\ssl_.py\", line 527, in _ssl_wrap_socket_impl\n    return ssl_context.wrap_socket(sock, server_hostname=server_hostname)\n           ~~~~~~~~~~~~~~~~~~~~~~~^^^^^^^^^^^^^^^^^^^^^^^^^^^^^^^^^^^^^^^\n  File \"C:\\Program Files\\Python314\\Lib\\ssl.py\", line 455, in wrap_socket\n    return self.sslsocket_class._create(\n           ~~~~~~~~~~~~~~~~~~~~~~~~~~~~^\n        sock=sock,\n        ^^^^^^^^^^\n    ...<5 lines>...\n        session=session\n        ^^^^^^^^^^^^^^^\n    )\n    ^\n  File \"C:\\Program Files\\Python314\\Lib\\ssl.py\", line 1076, in _create\n    self.do_handshake()\n    ~~~~~~~~~~~~~~~~~^^\n  File \"C:\\Program Files\\Python314\\Lib\\ssl.py\", line 1372, in do_handshake\n    self._sslobj.do_handshake()\n    ~~~~~~~~~~~~~~~~~~~~~~~~~^^\nssl.SSLError: [SSL: WRONG_VERSION_NUMBER] wrong version number (_ssl.c:1081)\n\nDuring handling of the above exception, another exception occurred:\n\nTraceback (most recent call last):\n  File \"C:\\Users\\user\\Desktop\\MTO\\VENV\\Lib\\site-packages\\urllib3\\connectionpool.py\", line 787, in urlopen\n    response = self._make_request(\n        conn,\n    ...<10 lines>...\n        **response_kw,\n    )\n  File \"C:\\Users\\user\\Desktop\\MTO\\VENV\\Lib\\site-packages\\urllib3\\connectionpool.py\", line 488, in _make_request\n    raise new_e\nurllib3.exceptions.SSLError: [SSL: WRONG_VERSION_NUMBER] wrong version number (_ssl.c:1081)\n\nThe above exception was the direct cause of the following exception:\n\nTraceback (most recent call last):\n  File \"C:\\Users\\user\\Desktop\\MTO\\VENV\\Lib\\site-packages\\requests\\adapters.py\", line 645, in send\n    resp = conn.urlopen(\n        method=request.method,\n    ...<9 lines>...\n        chunked=chunked,\n    )\n  File \"C:\\Users\\user\\Desktop\\MTO\\VENV\\Lib\\site-packages\\urllib3\\connectionpool.py\", line 841, in urlopen\n    retries = retries.increment(\n        method, url, error=new_e, _pool=self, _stacktrace=sys.exc_info()[2]\n    )\n  File \"C:\\Users\\user\\Desktop\\MTO\\VENV\\Lib\\site-packages\\urllib3\\util\\retry.py\", line 535, in increment\n    raise MaxRetryError(_pool, url, reason) from reason  # type: ignore[arg-type]\n    ^^^^^^^^^^^^^^^^^^^^^^^^^^^^^^^^^^^^^^^^^^^^^^^^^^^\nurllib3.exceptions.MaxRetryError: HTTPSConnectionPool(host='localhost', port=8001): Max retries exceeded with url: /api/auth/login (Caused by SSLError(SSLError(1, '[SSL: WRONG_VERSION_NUMBER] wrong version number (_ssl.c:1081)')))\n\nDuring handling of the above exception, another exception occurred:\n\nTraceback (most recent call last):\n  File \"C:\\Users\\user\\Desktop\\MTO\\api_clients\\api_helper.py\", line 134, in api_request\n    response = requests.request(\n        method,\n    ...<7 lines>...\n        verify=verify_param,\n    )\n  File \"C:\\Users\\user\\Desktop\\MTO\\VENV\\Lib\\site-packages\\requests\\api.py\", line 59, in request\n    return session.request(method=method, url=url, **kwargs)\n           ~~~~~~~~~~~~~~~^^^^^^^^^^^^^^^^^^^^^^^^^^^^^^^^^^\n  File \"C:\\Users\\user\\Desktop\\MTO\\VENV\\Lib\\site-packages\\requests\\sessions.py\", line 592, in request\n    resp = self.send(prep, **send_kwargs)\n  File \"C:\\Users\\user\\Desktop\\MTO\\VENV\\Lib\\site-packages\\requests\\sessions.py\", line 706, in send\n    r = adapter.send(request, **kwargs)\n  File \"C:\\Users\\user\\Desktop\\MTO\\VENV\\Lib\\site-packages\\requests\\adapters.py\", line 676, in send\n    raise SSLError(e, request=request)\nrequests.exceptions.SSLError: HTTPSConnectionPool(host='localhost', port=8001): Max retries exceeded with url: /api/auth/login (Caused by SSLError(SSLError(1, '[SSL: WRONG_VERSION_NUMBER] wrong version number (_ssl.c:1081)')))\n\nDuring handling of the above exception, another exception occurred:\n\nTraceback (most recent call last):\n  File \"C:\\Users\\user\\Desktop\\MTO\\main.py\", line 194, in do_login\n    auth_result = verify_user_login(u, p)\n  File \"C:\\Users\\user\\Desktop\\MTO\\api_clients\\auth_service.py\", line 88, in verify_user_login\n    raise e\n  File \"C:\\Users\\user\\Desktop\\MTO\\api_clients\\auth_service.py\", line 74, in verify_user_login\n    user_info = api_request(\n        \"POST\", \"/api/auth/login\", data=payload, queue_offline=False\n    )\n  File \"C:\\Users\\user\\Desktop\\MTO\\api_clients\\api_helper.py\", line 169, in api_request\n    raise Exception(\n    ...<2 lines>...\n    )\nException: Cannot reach API server at https://localhost:8001. Start the API server and verify server_config.json.\n"}
{"timestamp": "2026-05-18 14:56:47", "level": "ERROR", "logger": "MTOSystem", "request_id": "23ecb1f7-007d-40f3-92de-cda619d00316", "message": "Login Background Task Failed | Error: Cannot reach API server at http://localhost:8001. Start the API server and verify server_config.json.\nTraceback:\nTraceback (most recent call last):\n  File \"C:\\Users\\user\\Desktop\\MTO\\venv\\Lib\\site-packages\\urllib3\\connection.py\", line 204, in _new_conn\n    sock = connection.create_connection(\n        (self._dns_host, self.port),\n    ...<2 lines>...\n        socket_options=self.socket_options,\n    )\n  File \"C:\\Users\\user\\Desktop\\MTO\\venv\\Lib\\site-packages\\urllib3\\util\\connection.py\", line 85, in create_connection\n    raise err\n  File \"C:\\Users\\user\\Desktop\\MTO\\venv\\Lib\\site-packages\\urllib3\\util\\connection.py\", line 73, in create_connection\n    sock.connect(sa)\n    ~~~~~~~~~~~~^^^^\nConnectionRefusedError: [WinError 10061] No connection could be made because the target machine actively refused it\n\nThe above exception was the direct cause of the following exception:\n\nTraceback (most recent call last):\n  File \"C:\\Users\\user\\Desktop\\MTO\\venv\\Lib\\site-packages\\urllib3\\connectionpool.py\", line 787, in urlopen\n    response = self._make_request(\n        conn,\n    ...<10 lines>...\n        **response_kw,\n    )\n  File \"C:\\Users\\user\\Desktop\\MTO\\venv\\Lib\\site-packages\\urllib3\\connectionpool.py\", line 493, in _make_request\n    conn.request(\n    ~~~~~~~~~~~~^\n        method,\n        ^^^^^^^\n    ...<6 lines>...\n        enforce_content_length=enforce_content_length,\n        ^^^^^^^^^^^^^^^^^^^^^^^^^^^^^^^^^^^^^^^^^^^^^^\n    )\n    ^\n  File \"C:\\Users\\user\\Desktop\\MTO\\venv\\Lib\\site-packages\\urllib3\\connection.py\", line 500, in request\n    self.endheaders()\n    ~~~~~~~~~~~~~~~^^\n  File \"C:\\Program Files\\Python314\\Lib\\http\\client.py\", line 1353, in endheaders\n    self._send_output(message_body, encode_chunked=encode_chunked)\n    ~~~~~~~~~~~~~~~~~^^^^^^^^^^^^^^^^^^^^^^^^^^^^^^^^^^^^^^^^^^^^^\n  File \"C:\\Program Files\\Python314\\Lib\\http\\client.py\", line 1113, in _send_output\n    self.send(msg)\n    ~~~~~~~~~^^^^^\n  File \"C:\\Program Files\\Python314\\Lib\\http\\client.py\", line 1057, in send\n    self.connect()\n    ~~~~~~~~~~~~^^\n  File \"C:\\Users\\user\\Desktop\\MTO\\venv\\Lib\\site-packages\\urllib3\\connection.py\", line 331, in connect\n    self.sock = self._new_conn()\n                ~~~~~~~~~~~~~~^^\n  File \"C:\\Users\\user\\Desktop\\MTO\\venv\\Lib\\site-packages\\urllib3\\connection.py\", line 219, in _new_conn\n    raise NewConnectionError(\n        self, f\"Failed to establish a new connection: {e}\"\n    ) from e\nurllib3.exceptions.NewConnectionError: HTTPConnection(host='localhost', port=8001): Failed to establish a new connection: [WinError 10061] No connection could be made because the target machine actively refused it\n\nThe above exception was the direct cause of the following exception:\n\nTraceback (most recent call last):\n  File \"C:\\Users\\user\\Desktop\\MTO\\venv\\Lib\\site-packages\\requests\\adapters.py\", line 645, in send\n    resp = conn.urlopen(\n        method=request.method,\n    ...<9 lines>...\n        chunked=chunked,\n    )\n  File \"C:\\Users\\user\\Desktop\\MTO\\venv\\Lib\\site-packages\\urllib3\\connectionpool.py\", line 841, in urlopen\n    retries = retries.increment(\n        method, url, error=new_e, _pool=self, _stacktrace=sys.exc_info()[2]\n    )\n  File \"C:\\Users\\user\\Desktop\\MTO\\venv\\Lib\\site-packages\\urllib3\\util\\retry.py\", line 535, in increment\n    raise MaxRetryError(_pool, url, reason) from reason  # type: ignore[arg-type]\n    ^^^^^^^^^^^^^^^^^^^^^^^^^^^^^^^^^^^^^^^^^^^^^^^^^^^\nurllib3.exceptions.MaxRetryError: HTTPConnectionPool(host='localhost', port=8001): Max retries exceeded with url: /api/auth/login (Caused by NewConnectionError(\"HTTPConnection(host='localhost', port=8001): Failed to establish a new connection: [WinError 10061] No connection could be made because the target machine actively refused it\"))\n\nDuring handling of the above exception, another exception occurred:\n\nTraceback (most recent call last):\n  File \"C:\\Users\\user\\Desktop\\MTO\\api_clients\\api_helper.py\", line 134, in api_request\n    response = requests.request(\n        method,\n    ...<7 lines>...\n        verify=verify_param,\n    )\n  File \"C:\\Users\\user\\Desktop\\MTO\\venv\\Lib\\site-packages\\requests\\api.py\", line 59, in request\n    return session.request(method=method, url=url, **kwargs)\n           ~~~~~~~~~~~~~~~^^^^^^^^^^^^^^^^^^^^^^^^^^^^^^^^^^\n  File \"C:\\Users\\user\\Desktop\\MTO\\venv\\Lib\\site-packages\\requests\\sessions.py\", line 592, in request\n    resp = self.send(prep, **send_kwargs)\n  File \"C:\\Users\\user\\Desktop\\MTO\\venv\\Lib\\site-packages\\requests\\sessions.py\", line 706, in send\n    r = adapter.send(request, **kwargs)\n  File \"C:\\Users\\user\\Desktop\\MTO\\venv\\Lib\\site-packages\\requests\\adapters.py\", line 678, in send\n    raise ConnectionError(e, request=request)\nrequests.exceptions.ConnectionError: HTTPConnectionPool(host='localhost', port=8001): Max retries exceeded with url: /api/auth/login (Caused by NewConnectionError(\"HTTPConnection(host='localhost', port=8001): Failed to establish a new connection: [WinError 10061] No connection could be made because the target machine actively refused it\"))\n\nDuring handling of the above exception, another exception occurred:\n\nTraceback (most recent call last):\n  File \"C:\\Users\\user\\Desktop\\MTO\\clients\\desktop\\main.py\", line 199, in do_login\n    auth_result = verify_user_login(u, p)\n  File \"C:\\Users\\user\\Desktop\\MTO\\api_clients\\auth_service.py\", line 88, in verify_user_login\n    raise e\n  File \"C:\\Users\\user\\Desktop\\MTO\\api_clients\\auth_service.py\", line 74, in verify_user_login\n    user_info = api_request(\n        \"POST\", \"/api/auth/login\", data=payload, queue_offline=False\n    )\n  File \"C:\\Users\\user\\Desktop\\MTO\\api_clients\\api_helper.py\", line 169, in api_request\n    raise Exception(\n    ...<2 lines>...\n    )\nException: Cannot reach API server at http://localhost:8001. Start the API server and verify server_config.json.\n"}
{"timestamp": "2026-05-18 14:57:55", "level": "ERROR", "logger": "MTOSystem", "request_id": "20dfd43d-1667-4658-b693-d7abd83baf94", "message": "Login Background Task Failed | Error: Cannot reach API server at http://localhost:8001. Start the API server and verify server_config.json.\nTraceback:\nTraceback (most recent call last):\n  File \"C:\\Users\\user\\Desktop\\MTO\\venv\\Lib\\site-packages\\urllib3\\connection.py\", line 204, in _new_conn\n    sock = connection.create_connection(\n        (self._dns_host, self.port),\n    ...<2 lines>...\n        socket_options=self.socket_options,\n    )\n  File \"C:\\Users\\user\\Desktop\\MTO\\venv\\Lib\\site-packages\\urllib3\\util\\connection.py\", line 85, in create_connection\n    raise err\n  File \"C:\\Users\\user\\Desktop\\MTO\\venv\\Lib\\site-packages\\urllib3\\util\\connection.py\", line 73, in create_connection\n    sock.connect(sa)\n    ~~~~~~~~~~~~^^^^\nConnectionRefusedError: [WinError 10061] No connection could be made because the target machine actively refused it\n\nThe above exception was the direct cause of the following exception:\n\nTraceback (most recent call last):\n  File \"C:\\Users\\user\\Desktop\\MTO\\venv\\Lib\\site-packages\\urllib3\\connectionpool.py\", line 787, in urlopen\n    response = self._make_request(\n        conn,\n    ...<10 lines>...\n        **response_kw,\n    )\n  File \"C:\\Users\\user\\Desktop\\MTO\\venv\\Lib\\site-packages\\urllib3\\connectionpool.py\", line 493, in _make_request\n    conn.request(\n    ~~~~~~~~~~~~^\n        method,\n        ^^^^^^^\n    ...<6 lines>...\n        enforce_content_length=enforce_content_length,\n        ^^^^^^^^^^^^^^^^^^^^^^^^^^^^^^^^^^^^^^^^^^^^^^\n    )\n    ^\n  File \"C:\\Users\\user\\Desktop\\MTO\\venv\\Lib\\site-packages\\urllib3\\connection.py\", line 500, in request\n    self.endheaders()\n    ~~~~~~~~~~~~~~~^^\n  File \"C:\\Program Files\\Python314\\Lib\\http\\client.py\", line 1353, in endheaders\n    self._send_output(message_body, encode_chunked=encode_chunked)\n    ~~~~~~~~~~~~~~~~~^^^^^^^^^^^^^^^^^^^^^^^^^^^^^^^^^^^^^^^^^^^^^\n  File \"C:\\Program Files\\Python314\\Lib\\http\\client.py\", line 1113, in _send_output\n    self.send(msg)\n    ~~~~~~~~~^^^^^\n  File \"C:\\Program Files\\Python314\\Lib\\http\\client.py\", line 1057, in send\n    self.connect()\n    ~~~~~~~~~~~~^^\n  File \"C:\\Users\\user\\Desktop\\MTO\\venv\\Lib\\site-packages\\urllib3\\connection.py\", line 331, in connect\n    self.sock = self._new_conn()\n                ~~~~~~~~~~~~~~^^\n  File \"C:\\Users\\user\\Desktop\\MTO\\venv\\Lib\\site-packages\\urllib3\\connection.py\", line 219, in _new_conn\n    raise NewConnectionError(\n        self, f\"Failed to establish a new connection: {e}\"\n    ) from e\nurllib3.exceptions.NewConnectionError: HTTPConnection(host='localhost', port=8001): Failed to establish a new connection: [WinError 10061] No connection could be made because the target machine actively refused it\n\nThe above exception was the direct cause of the following exception:\n\nTraceback (most recent call last):\n  File \"C:\\Users\\user\\Desktop\\MTO\\venv\\Lib\\site-packages\\requests\\adapters.py\", line 645, in send\n    resp = conn.urlopen(\n        method=request.method,\n    ...<9 lines>...\n        chunked=chunked,\n    )\n  File \"C:\\Users\\user\\Desktop\\MTO\\venv\\Lib\\site-packages\\urllib3\\connectionpool.py\", line 841, in urlopen\n    retries = retries.increment(\n        method, url, error=new_e, _pool=self, _stacktrace=sys.exc_info()[2]\n    )\n  File \"C:\\Users\\user\\Desktop\\MTO\\venv\\Lib\\site-packages\\urllib3\\util\\retry.py\", line 535, in increment\n    raise MaxRetryError(_pool, url, reason) from reason  # type: ignore[arg-type]\n    ^^^^^^^^^^^^^^^^^^^^^^^^^^^^^^^^^^^^^^^^^^^^^^^^^^^\nurllib3.exceptions.MaxRetryError: HTTPConnectionPool(host='localhost', port=8001): Max retries exceeded with url: /api/auth/login (Caused by NewConnectionError(\"HTTPConnection(host='localhost', port=8001): Failed to establish a new connection: [WinError 10061] No connection could be made because the target machine actively refused it\"))\n\nDuring handling of the above exception, another exception occurred:\n\nTraceback (most recent call last):\n  File \"C:\\Users\\user\\Desktop\\MTO\\api_clients\\api_helper.py\", line 134, in api_request\n    response = requests.request(\n        method,\n    ...<7 lines>...\n        verify=verify_param,\n    )\n  File \"C:\\Users\\user\\Desktop\\MTO\\venv\\Lib\\site-packages\\requests\\api.py\", line 59, in request\n    return session.request(method=method, url=url, **kwargs)\n           ~~~~~~~~~~~~~~~^^^^^^^^^^^^^^^^^^^^^^^^^^^^^^^^^^\n  File \"C:\\Users\\user\\Desktop\\MTO\\venv\\Lib\\site-packages\\requests\\sessions.py\", line 592, in request\n    resp = self.send(prep, **send_kwargs)\n  File \"C:\\Users\\user\\Desktop\\MTO\\venv\\Lib\\site-packages\\requests\\sessions.py\", line 706, in send\n    r = adapter.send(request, **kwargs)\n  File \"C:\\Users\\user\\Desktop\\MTO\\venv\\Lib\\site-packages\\requests\\adapters.py\", line 678, in send\n    raise ConnectionError(e, request=request)\nrequests.exceptions.ConnectionError: HTTPConnectionPool(host='localhost', port=8001): Max retries exceeded with url: /api/auth/login (Caused by NewConnectionError(\"HTTPConnection(host='localhost', port=8001): Failed to establish a new connection: [WinError 10061] No connection could be made because the target machine actively refused it\"))\n\nDuring handling of the above exception, another exception occurred:\n\nTraceback (most recent call last):\n  File \"C:\\Users\\user\\Desktop\\MTO\\clients\\desktop\\main.py\", line 199, in do_login\n    auth_result = verify_user_login(u, p)\n  File \"C:\\Users\\user\\Desktop\\MTO\\api_clients\\auth_service.py\", line 88, in verify_user_login\n    raise e\n  File \"C:\\Users\\user\\Desktop\\MTO\\api_clients\\auth_service.py\", line 74, in verify_user_login\n    user_info = api_request(\n        \"POST\", \"/api/auth/login\", data=payload, queue_offline=False\n    )\n  File \"C:\\Users\\user\\Desktop\\MTO\\api_clients\\api_helper.py\", line 169, in api_request\n    raise Exception(\n    ...<2 lines>...\n    )\nException: Cannot reach API server at http://localhost:8001. Start the API server and verify server_config.json.\n"}
{"timestamp": "2026-05-18 15:21:18", "level": "ERROR", "logger": "MTOSystem", "request_id": "b22f5573-bf48-4718-b215-aef663219530", "message": "Login Background Task Failed | Error: API Communication Error (Status 500): 500 Server Error: Internal Server Error for url: http://localhost:8001/api/auth/login\nTraceback:\nTraceback (most recent call last):\n  File \"C:\\Users\\user\\Desktop\\MTO\\api_clients\\api_helper.py\", line 159, in api_request\n    response.raise_for_status()\n    ~~~~~~~~~~~~~~~~~~~~~~~~~^^\n  File \"C:\\Users\\user\\Desktop\\MTO\\venv\\Lib\\site-packages\\requests\\models.py\", line 1028, in raise_for_status\n    raise HTTPError(http_error_msg, response=self)\nrequests.exceptions.HTTPError: 500 Server Error: Internal Server Error for url: http://localhost:8001/api/auth/login\n\nDuring handling of the above exception, another exception occurred:\n\nTraceback (most recent call last):\n  File \"C:\\Users\\user\\Desktop\\MTO\\clients\\desktop\\main.py\", line 199, in do_login\n    auth_result = verify_user_login(u, p)\n  File \"C:\\Users\\user\\Desktop\\MTO\\api_clients\\auth_service.py\", line 88, in verify_user_login\n    raise e\n  File \"C:\\Users\\user\\Desktop\\MTO\\api_clients\\auth_service.py\", line 74, in verify_user_login\n    user_info = api_request(\n        \"POST\", \"/api/auth/login\", data=payload, queue_offline=False\n    )\n  File \"C:\\Users\\user\\Desktop\\MTO\\api_clients\\api_helper.py\", line 206, in api_request\n    raise Exception(error_msg)\nException: API Communication Error (Status 500): 500 Server Error: Internal Server Error for url: http://localhost:8001/api/auth/login\n"}
{"timestamp": "2026-05-18 15:21:50", "level": "ERROR", "logger": "MTOSystem", "request_id": "000f0d92-05ec-4c6e-9f38-fd46b930f666", "message": "Login Background Task Failed | Error: API Communication Error (Status 500): 500 Server Error: Internal Server Error for url: http://localhost:8001/api/auth/login\nTraceback:\nTraceback (most recent call last):\n  File \"C:\\Users\\user\\Desktop\\MTO\\api_clients\\api_helper.py\", line 159, in api_request\n    response.raise_for_status()\n    ~~~~~~~~~~~~~~~~~~~~~~~~~^^\n  File \"C:\\Users\\user\\Desktop\\MTO\\venv\\Lib\\site-packages\\requests\\models.py\", line 1028, in raise_for_status\n    raise HTTPError(http_error_msg, response=self)\nrequests.exceptions.HTTPError: 500 Server Error: Internal Server Error for url: http://localhost:8001/api/auth/login\n\nDuring handling of the above exception, another exception occurred:\n\nTraceback (most recent call last):\n  File \"C:\\Users\\user\\Desktop\\MTO\\clients\\desktop\\main.py\", line 199, in do_login\n    auth_result = verify_user_login(u, p)\n  File \"C:\\Users\\user\\Desktop\\MTO\\api_clients\\auth_service.py\", line 88, in verify_user_login\n    raise e\n  File \"C:\\Users\\user\\Desktop\\MTO\\api_clients\\auth_service.py\", line 74, in verify_user_login\n    user_info = api_request(\n        \"POST\", \"/api/auth/login\", data=payload, queue_offline=False\n    )\n  File \"C:\\Users\\user\\Desktop\\MTO\\api_clients\\api_helper.py\", line 206, in api_request\n    raise Exception(error_msg)\nException: API Communication Error (Status 500): 500 Server Error: Internal Server Error for url: http://localhost:8001/api/auth/login\n"}
{"timestamp": "2026-05-18 15:45:28", "level": "ERROR", "logger": "MTOSystem", "request_id": "90cf2059-8dbc-45ad-a837-e8a355d5500e", "message": "Login Background Task Failed | Error: API Communication Error (Status 400): 400 Client Error: Bad Request for url: http://localhost:8001/api/auth/login\nTraceback:\nTraceback (most recent call last):\n  File \"C:\\Users\\user\\Desktop\\MTO\\api_clients\\api_helper.py\", line 159, in api_request\n    response.raise_for_status()\n    ~~~~~~~~~~~~~~~~~~~~~~~~~^^\n  File \"C:\\Users\\user\\Desktop\\MTO\\venv\\Lib\\site-packages\\requests\\models.py\", line 1028, in raise_for_status\n    raise HTTPError(http_error_msg, response=self)\nrequests.exceptions.HTTPError: 400 Client Error: Bad Request for url: http://localhost:8001/api/auth/login\n\nDuring handling of the above exception, another exception occurred:\n\nTraceback (most recent call last):\n  File \"C:\\Users\\user\\Desktop\\MTO\\clients\\desktop\\main.py\", line 199, in do_login\n    auth_result = verify_user_login(u, p)\n  File \"C:\\Users\\user\\Desktop\\MTO\\api_clients\\auth_service.py\", line 88, in verify_user_login\n    raise e\n  File \"C:\\Users\\user\\Desktop\\MTO\\api_clients\\auth_service.py\", line 74, in verify_user_login\n    user_info = api_request(\n        \"POST\", \"/api/auth/login\", data=payload, queue_offline=False\n    )\n  File \"C:\\Users\\user\\Desktop\\MTO\\api_clients\\api_helper.py\", line 206, in api_request\n    raise Exception(error_msg)\nException: API Communication Error (Status 400): 400 Client Error: Bad Request for url: http://localhost:8001/api/auth/login\n"}
{"timestamp": "2026-05-18 15:51:30", "level": "ERROR", "logger": "MTOSystem", "request_id": "b4dd25a2-44ff-414a-ab6e-870451a8d7c6", "message": "Login Background Task Failed | Error: Error: Invalid password. 4 attempt(s) remaining before lockout.\nTraceback:\nTraceback (most recent call last):\n  File \"C:\\Users\\user\\Desktop\\MTO\\api_clients\\api_helper.py\", line 159, in api_request\n    response.raise_for_status()\n    ~~~~~~~~~~~~~~~~~~~~~~~~~^^\n  File \"C:\\Users\\user\\Desktop\\MTO\\venv\\Lib\\site-packages\\requests\\models.py\", line 1028, in raise_for_status\n    raise HTTPError(http_error_msg, response=self)\nrequests.exceptions.HTTPError: 400 Client Error: Bad Request for url: http://localhost:8001/api/auth/login\n\nDuring handling of the above exception, another exception occurred:\n\nTraceback (most recent call last):\n  File \"C:\\Users\\user\\Desktop\\MTO\\clients\\desktop\\main.py\", line 199, in do_login\n    auth_result = verify_user_login(u, p)\n  File \"C:\\Users\\user\\Desktop\\MTO\\api_clients\\auth_service.py\", line 88, in verify_user_login\n    raise e\n  File \"C:\\Users\\user\\Desktop\\MTO\\api_clients\\auth_service.py\", line 74, in verify_user_login\n    user_info = api_request(\n        \"POST\", \"/api/auth/login\", data=payload, queue_offline=False\n    )\n  File \"C:\\Users\\user\\Desktop\\MTO\\api_clients\\api_helper.py\", line 206, in api_request\n    raise Exception(error_msg)\nException: Error: Invalid password. 4 attempt(s) remaining before lockout.\n"}
{"timestamp": "2026-05-18 15:52:06", "level": "ERROR", "logger": "MTOSystem", "request_id": "9c5f116a-9aa3-4e06-b49d-dfa70866e550", "message": "Login Background Task Failed | Error: Error: Invalid password. 3 attempt(s) remaining before lockout.\nTraceback:\nTraceback (most recent call last):\n  File \"C:\\Users\\user\\Desktop\\MTO\\api_clients\\api_helper.py\", line 159, in api_request\n    response.raise_for_status()\n    ~~~~~~~~~~~~~~~~~~~~~~~~~^^\n  File \"C:\\Users\\user\\Desktop\\MTO\\venv\\Lib\\site-packages\\requests\\models.py\", line 1028, in raise_for_status\n    raise HTTPError(http_error_msg, response=self)\nrequests.exceptions.HTTPError: 400 Client Error: Bad Request for url: http://localhost:8001/api/auth/login\n\nDuring handling of the above exception, another exception occurred:\n\nTraceback (most recent call last):\n  File \"C:\\Users\\user\\Desktop\\MTO\\clients\\desktop\\main.py\", line 199, in do_login\n    auth_result = verify_user_login(u, p)\n  File \"C:\\Users\\user\\Desktop\\MTO\\api_clients\\auth_service.py\", line 88, in verify_user_login\n    raise e\n  File \"C:\\Users\\user\\Desktop\\MTO\\api_clients\\auth_service.py\", line 74, in verify_user_login\n    user_info = api_request(\n        \"POST\", \"/api/auth/login\", data=payload, queue_offline=False\n    )\n  File \"C:\\Users\\user\\Desktop\\MTO\\api_clients\\api_helper.py\", line 206, in api_request\n    raise Exception(error_msg)\nException: Error: Invalid password. 3 attempt(s) remaining before lockout.\n"}
